[{"stationid":38,"stationname":"Rajiv Gandhi","totaldistance":0,"totaltime":"0"},{"stationid":37,"stationname":"Mata Gujri","totaldistance":0.4,"totaltime":"1"},{"stationid":36,"stationname":"Vishnupuri","totaldistance":0.9,"totaltime":"3"},{"stationid":35,"stationname":"Tantya Bheel Chouraha (Bhawarkua) BRT","totaldistance":1.3,"totaltime":"4"},{"stationid":33,"stationname":"Holkar Subway BRT","totaldistance":1.9,"totaltime":"6"},{"stationid":32,"stationname":"Navlakha Square BRT","totaldistance":2.6,"totaltime":"9"},{"stationid":30,"stationname":"Indira Pratima","totaldistance":3.1,"totaltime":"10"},{"stationid":28,"stationname":"GPO BRT","totaldistance":3.7,"totaltime":"13"},{"stationid":26,"stationname":"Shivaji Vatika BRT","totaldistance":4.4,"totaltime":"15"},{"stationid":24,"stationname":"AiCTSL","totaldistance":4.9,"totaltime":"17"},{"stationid":22,"stationname":"Gita Bhawan","totaldistance":5.3,"totaltime":"18"},{"stationid":20,"stationname":"Palasiya","totaldistance":6,"totaltime":"21"},{"stationid":17,"stationname":"Industry House","totaldistance":6.6,"totaltime":"23"},{"stationid":15,"stationname":"L.I.G. Square","totaldistance":7.2,"totaltime":"25"},{"stationid":14,"stationname":"Press Complex","totaldistance":7.5,"totaltime":"26"},{"stationid":12,"stationname":"M. R. 9  Square","totaldistance":8.2,"totaltime":"29"},{"stationid":10,"stationname":"Vijay Nagar BRT","totaldistance":8.9,"totaltime":"31"},{"stationid":8,"stationname":"Satya Sai","totaldistance":9.5,"totaltime":"33"},{"stationid":6,"stationname":"Shalimar Township BRT","totaldistance":10.2,"totaltime":"36"},{"stationid":5,"stationname":"Scheme No. 78","totaldistance":10.8,"totaltime":"38"},{"stationid":2,"stationname":"Niranjanpur","totaldistance":11.3,"totaltime":"40"}]