[{"stationid":38,"stationname":"Rajiv Gandhi","totaldistance":0,"totaltime":"0"},{"stationid":3929,"stationname":"Regional Park (A.B. Road)","totaldistance":1.7,"totaltime":"1"},{"stationid":3763,"stationname":"Maa Vihar1","totaldistance":2.1,"totaltime":"3"},{"stationid":3764,"stationname":"Gadbadi Pulia2","totaldistance":2.5,"totaltime":"5"},{"stationid":3768,"stationname":"Arjun Nagar","totaldistance":3,"totaltime":"8"},{"stationid":3770,"stationname":"Bijalpur","totaldistance":3.8,"totaltime":"9"},{"stationid":3774,"stationname":"Rajendra Nagar","totaldistance":4.2,"totaltime":"12"},{"stationid":3778,"stationname":"Durga Nagar","totaldistance":4.8,"totaltime":"16"},{"stationid":3782,"stationname":"Reti Mandi2","totaldistance":5.2,"totaltime":"20"},{"stationid":3788,"stationname":"Gamla Pulia","totaldistance":5.5,"totaltime":"22"},{"stationid":3785,"stationname":"IPS","totaldistance":6.3,"totaltime":"26"},{"stationid":3783,"stationname":"Silicon City","totaldistance":6.9,"totaltime":"30"}]