[{"stationid":3783,"stationname":"Silicon City","totaldistance":0,"totaltime":"0"},{"stationid":3785,"stationname":"IPS","totaldistance":0.6,"totaltime":"4"},{"stationid":3788,"stationname":"Gamla Pulia","totaldistance":1.4,"totaltime":"8"},{"stationid":3782,"stationname":"Reti Mandi2","totaldistance":1.7,"totaltime":"10"},{"stationid":3778,"stationname":"Durga Nagar","totaldistance":2.1,"totaltime":"14"},{"stationid":3774,"stationname":"Rajendra Nagar","totaldistance":2.7,"totaltime":"18"},{"stationid":3770,"stationname":"Bijalpur","totaldistance":3.1,"totaltime":"21"},{"stationid":3768,"stationname":"Arjun Nagar","totaldistance":3.9,"totaltime":"22"},{"stationid":3764,"stationname":"Gadbadi Pulia2","totaldistance":4.5,"totaltime":"25"},{"stationid":3763,"stationname":"Maa Vihar1","totaldistance":4.8,"totaltime":"27"},{"stationid":3929,"stationname":"Regional Park (A.B. Road)","totaldistance":5.2,"totaltime":"29"},{"stationid":38,"stationname":"Rajiv Gandhi","totaldistance":6.9,"totaltime":"30"}]