[{"stationid":38,"stationname":"Rajiv Gandhi","totaldistance":0,"totaltime":"0"},{"stationid":3929,"stationname":"Regional Park (A.B. Road)","totaldistance":1.7,"totaltime":"1"},{"stationid":3763,"stationname":"Maa Vihar1","totaldistance":2.1,"totaltime":"3"},{"stationid":3764,"stationname":"Gadbadi Pulia2","totaldistance":2.4,"totaltime":"5"},{"stationid":3768,"stationname":"Arjun Nagar","totaldistance":3,"totaltime":"6"},{"stationid":3770,"stationname":"Bijalpur","totaldistance":3.8,"totaltime":"8"},{"stationid":3774,"stationname":"Rajendra Nagar","totaldistance":4.2,"totaltime":"11"},{"stationid":3778,"stationname":"Durga Nagar","totaldistance":4.8,"totaltime":"13"},{"stationid":3782,"stationname":"Reti Mandi2","totaldistance":5.2,"totaltime":"14"},{"stationid":3788,"stationname":"Gamla Pulia","totaldistance":5.5,"totaltime":"16"},{"stationid":3785,"stationname":"IPS","totaldistance":6.3,"totaltime":"19"},{"stationid":3780,"stationname":"Shramik Colony/Jivan Jyoti","totaldistance":7.7,"totaltime":"23"},{"stationid":3779,"stationname":"Rau Petrol Pump","totaldistance":8.5,"totaltime":"25"},{"stationid":3773,"stationname":"Rau Bus Stand","totaldistance":8.9,"totaltime":"27"},{"stationid":3769,"stationname":"Mama ji Dhaba","totaldistance":9.4,"totaltime":"28"},{"stationid":3766,"stationname":"Rau Bypass","totaldistance":10.4,"totaltime":"30"}]