[{"stationid":3766,"stationname":"Rau Bypass","totaldistance":0,"totaltime":"0"},{"stationid":3769,"stationname":"Mama ji Dhaba","totaldistance":1,"totaltime":"2"},{"stationid":3773,"stationname":"Rau Bus Stand","totaldistance":1.5,"totaltime":"3"},{"stationid":3779,"stationname":"Rau Petrol Pump","totaldistance":1.9,"totaltime":"5"},{"stationid":3780,"stationname":"Shramik Colony/Jivan Jyoti","totaldistance":2.7,"totaltime":"7"},{"stationid":3785,"stationname":"IPS","totaldistance":4.1,"totaltime":"11"},{"stationid":3788,"stationname":"Gamla Pulia","totaldistance":4.9,"totaltime":"14"},{"stationid":3782,"stationname":"Reti Mandi2","totaldistance":5.2,"totaltime":"16"},{"stationid":3778,"stationname":"Durga Nagar","totaldistance":5.6,"totaltime":"17"},{"stationid":3774,"stationname":"Rajendra Nagar","totaldistance":6.2,"totaltime":"19"},{"stationid":3770,"stationname":"Bijalpur","totaldistance":6.6,"totaltime":"21"},{"stationid":3768,"stationname":"Arjun Nagar","totaldistance":7.4,"totaltime":"23"},{"stationid":3764,"stationname":"Gadbadi Pulia2","totaldistance":8,"totaltime":"24"},{"stationid":3763,"stationname":"Maa Vihar1","totaldistance":8.3,"totaltime":"26"},{"stationid":3929,"stationname":"Regional Park (A.B. Road)","totaldistance":8.7,"totaltime":"28"},{"stationid":38,"stationname":"Rajiv Gandhi","totaldistance":10.4,"totaltime":"30"}]