[{"stationid":38,"stationname":"Rajiv Gandhi","totaldistance":0,"totaltime":"0"},{"stationid":3929,"stationname":"Regional Park (A.B. Road)","totaldistance":1.7,"totaltime":"2"},{"stationid":3763,"stationname":"Maa Vihar1","totaldistance":2.1,"totaltime":"3"},{"stationid":3764,"stationname":"Gadbadi Pulia2","totaldistance":2.4,"totaltime":"4"},{"stationid":3768,"stationname":"Arjun Nagar","totaldistance":3,"totaltime":"6"},{"stationid":3770,"stationname":"Bijalpur","totaldistance":3.8,"totaltime":"8"},{"stationid":3774,"stationname":"Rajendra Nagar","totaldistance":4.2,"totaltime":"9"},{"stationid":3778,"stationname":"Durga Nagar","totaldistance":4.8,"totaltime":"10"},{"stationid":3782,"stationname":"Reti Mandi2","totaldistance":5.2,"totaltime":"11"},{"stationid":3788,"stationname":"Gamla Pulia","totaldistance":5.5,"totaltime":"12"},{"stationid":3785,"stationname":"IPS","totaldistance":6.3,"totaltime":"14"},{"stationid":3960,"stationname":"Silicon City Gate","totaldistance":6.9,"totaltime":"15"},{"stationid":3780,"stationname":"Shramik Colony/Jivan Jyoti","totaldistance":7.7,"totaltime":"17"},{"stationid":3779,"stationname":"Rau Petrol Pump","totaldistance":8.5,"totaltime":"18"},{"stationid":3773,"stationname":"Rau Bus Stand","totaldistance":8.9,"totaltime":"20"},{"stationid":3769,"stationname":"Mama ji Dhaba","totaldistance":9.4,"totaltime":"22"},{"stationid":3766,"stationname":"Rau Bypass","totaldistance":10.4,"totaltime":"24"},{"stationid":3796,"stationname":"Hardia Hospital","totaldistance":10.9,"totaltime":"25"},{"stationid":3854,"stationname":"Alpha","totaldistance":11.5,"totaltime":"27"},{"stationid":3800,"stationname":"Medicaps","totaldistance":11.7,"totaltime":"28"},{"stationid":3802,"stationname":"Pigdamber","totaldistance":12.7,"totaltime":"30"},{"stationid":3806,"stationname":"Pithampura By Pass1","totaldistance":13.2,"totaltime":"33"},{"stationid":3807,"stationname":"Keshav Park","totaldistance":13.7,"totaltime":"34"},{"stationid":3811,"stationname":"Umariya","totaldistance":14.5,"totaltime":"36"},{"stationid":3813,"stationname":"H.D.Bansal College","totaldistance":15.1,"totaltime":"40"},{"stationid":3815,"stationname":"IIT Indore","totaldistance":16.3,"totaltime":"42"},{"stationid":3819,"stationname":"Eye Care Hospital","totaldistance":17.5,"totaltime":"44"},{"stationid":3821,"stationname":"Kishan Ganj1","totaldistance":18.5,"totaltime":"46"},{"stationid":3823,"stationname":"Indira Colony","totaldistance":19.5,"totaltime":"48"},{"stationid":3825,"stationname":"Hari Fatak","totaldistance":19.9,"totaltime":"49"},{"stationid":43,"stationname":"Mhow Railway Station","totaldistance":21.2,"totaltime":"50"}]