[{"stationid":43,"stationname":"Mhow Railway Station","totaldistance":0,"totaltime":"0"},{"stationid":3825,"stationname":"Hari Fatak","totaldistance":1.3,"totaltime":"1"},{"stationid":3823,"stationname":"Indira Colony","totaldistance":1.7,"totaltime":"2"},{"stationid":3821,"stationname":"Kishan Ganj1","totaldistance":2.7,"totaltime":"4"},{"stationid":3819,"stationname":"Eye Care Hospital","totaldistance":3.7,"totaltime":"6"},{"stationid":3815,"stationname":"IIT Indore","totaldistance":4.9,"totaltime":"8"},{"stationid":3813,"stationname":"H.D.Bansal College","totaldistance":6.1,"totaltime":"10"},{"stationid":3811,"stationname":"Umariya","totaldistance":6.7,"totaltime":"14"},{"stationid":3807,"stationname":"Keshav Park","totaldistance":7.5,"totaltime":"16"},{"stationid":3806,"stationname":"Pithampura By Pass1","totaldistance":8,"totaltime":"17"},{"stationid":3802,"stationname":"Pigdamber","totaldistance":8.5,"totaltime":"20"},{"stationid":3800,"stationname":"Medicaps","totaldistance":9.5,"totaltime":"22"},{"stationid":3854,"stationname":"Alpha","totaldistance":9.7,"totaltime":"23"},{"stationid":3796,"stationname":"Hardia Hospital","totaldistance":10.3,"totaltime":"25"},{"stationid":3766,"stationname":"Rau Bypass","totaldistance":10.8,"totaltime":"26"},{"stationid":3769,"stationname":"Mama ji Dhaba","totaldistance":11.8,"totaltime":"28"},{"stationid":3773,"stationname":"Rau Bus Stand","totaldistance":12.3,"totaltime":"30"},{"stationid":3779,"stationname":"Rau Petrol Pump","totaldistance":12.7,"totaltime":"32"},{"stationid":3780,"stationname":"Shramik Colony/Jivan Jyoti","totaldistance":13.5,"totaltime":"33"},{"stationid":3960,"stationname":"Silicon City Gate","totaldistance":14.3,"totaltime":"35"},{"stationid":3785,"stationname":"IPS","totaldistance":14.9,"totaltime":"36"},{"stationid":3788,"stationname":"Gamla Pulia","totaldistance":15.7,"totaltime":"38"},{"stationid":3782,"stationname":"Reti Mandi2","totaldistance":16,"totaltime":"39"},{"stationid":3778,"stationname":"Durga Nagar","totaldistance":16.4,"totaltime":"40"},{"stationid":3774,"stationname":"Rajendra Nagar","totaldistance":17,"totaltime":"41"},{"stationid":3770,"stationname":"Bijalpur","totaldistance":17.4,"totaltime":"42"},{"stationid":3768,"stationname":"Arjun Nagar","totaldistance":18.2,"totaltime":"44"},{"stationid":3764,"stationname":"Gadbadi Pulia2","totaldistance":18.8,"totaltime":"46"},{"stationid":3763,"stationname":"Maa Vihar1","totaldistance":19.1,"totaltime":"47"},{"stationid":3929,"stationname":"Regional Park (A.B. Road)","totaldistance":19.5,"totaltime":"48"},{"stationid":38,"stationname":"Rajiv Gandhi","totaldistance":21.2,"totaltime":"50"}]