[{"stationid":3758,"stationname":"Chhota Bangarda","totaldistance":0,"totaltime":"0"},{"stationid":3759,"stationname":"Surajbali Nagar","totaldistance":1.3,"totaltime":"5"},{"stationid":3760,"stationname":"Yadav Dharmshala","totaldistance":1.7,"totaltime":"7"},{"stationid":3772,"stationname":"Gareeb Nawaj Colony","totaldistance":1.8,"totaltime":"8"},{"stationid":3777,"stationname":"Isha Avenue Gate","totaldistance":2,"totaltime":"9"},{"stationid":3781,"stationname":"Shrinath Colony","totaldistance":2.2,"totaltime":"11"},{"stationid":3786,"stationname":"Sangam Nagar Road","totaldistance":2.4,"totaltime":"13"},{"stationid":3789,"stationname":"Hammal Colony","totaldistance":2.7,"totaltime":"14"},{"stationid":3790,"stationname":"Laxmibai Mandi","totaldistance":3.1,"totaltime":"15"},{"stationid":3791,"stationname":"Indore Wire Factory","totaldistance":3.7,"totaltime":"17"},{"stationid":3829,"stationname":"Kila Maidan/Laxmi Bai Pratima","totaldistance":4.2,"totaltime":"18"},{"stationid":3793,"stationname":"Jinsi Square","totaldistance":4.5,"totaltime":"20"},{"stationid":3794,"stationname":"Kandilpura","totaldistance":4.8,"totaltime":"21"},{"stationid":3801,"stationname":"Badaganpati","totaldistance":5.1,"totaltime":"23"},{"stationid":3803,"stationname":"Antim Square","totaldistance":5.6,"totaltime":"24"},{"stationid":3805,"stationname":"Rajmohalla","totaldistance":6,"totaltime":"25"},{"stationid":3808,"stationname":"Gangwal Bus Stand","totaldistance":7,"totaltime":"26"},{"stationid":4065,"stationname":"M.O.G Line","totaldistance":7.4,"totaltime":"27"},{"stationid":4235,"stationname":"Mhow Naka City Bus","totaldistance":7.9,"totaltime":"29"},{"stationid":3814,"stationname":"Lal Baug_2","totaldistance":8.1,"totaltime":"30"},{"stationid":3816,"stationname":"G.D.C College","totaldistance":8.6,"totaltime":"31"},{"stationid":3818,"stationname":"Collectorate","totaldistance":9.1,"totaltime":"32"},{"stationid":4028,"stationname":"Jabran Colony/Juni Indore","totaldistance":9.6,"totaltime":"34"},{"stationid":3962,"stationname":"Sindhi Colony","totaldistance":10.5,"totaltime":"35"},{"stationid":3889,"stationname":"Tower Chouraha_2","totaldistance":10.9,"totaltime":"36"},{"stationid":3980,"stationname":"Tantya Bheel Chouraha (Bhawarkua)","totaldistance":11.9,"totaltime":"38"},{"stationid":3999,"stationname":"D A V V","totaldistance":12.3,"totaltime":"39"},{"stationid":4143,"stationname":"Ashram Chauraha/IT Park","totaldistance":12.8,"totaltime":"41"},{"stationid":4022,"stationname":"IET/SOPA","totaldistance":13.4,"totaltime":"43"},{"stationid":3934,"stationname":"Ranjeet Singh College","totaldistance":13.6,"totaltime":"44"},{"stationid":4156,"stationname":"Radhaswami","totaldistance":14.3,"totaltime":"47"},{"stationid":4061,"stationname":"Limbodi/Ashram","totaldistance":14.9,"totaltime":"48"},{"stationid":4125,"stationname":"Power House_1","totaldistance":15.9,"totaltime":"52"},{"stationid":4070,"stationname":"Machli Farm","totaldistance":16.4,"totaltime":"55"},{"stationid":4132,"stationname":"Pushpkunj","totaldistance":16.8,"totaltime":"58"},{"stationid":4042,"stationname":"Kasturba Gram","totaldistance":17.7,"totaltime":"60"},{"stationid":3899,"stationname":"Tejaji Nagar","totaldistance":18.4,"totaltime":"65"}]