[{"stationid":3899,"stationname":"Tejaji Nagar","totaldistance":0,"totaltime":"0"},{"stationid":4042,"stationname":"Kasturba Gram","totaldistance":0.7,"totaltime":"2"},{"stationid":4132,"stationname":"Pushpkunj","totaldistance":1.6,"totaltime":"5"},{"stationid":4070,"stationname":"Machli Farm","totaldistance":2,"totaltime":"6"},{"stationid":4125,"stationname":"Power House_1","totaldistance":2.5,"totaltime":"8"},{"stationid":4061,"stationname":"Limbodi/Ashram","totaldistance":3.5,"totaltime":"12"},{"stationid":4156,"stationname":"Radhaswami","totaldistance":4.1,"totaltime":"13"},{"stationid":3934,"stationname":"Ranjeet Singh College","totaldistance":4.8,"totaltime":"16"},{"stationid":4022,"stationname":"IET/SOPA","totaldistance":5,"totaltime":"17"},{"stationid":4143,"stationname":"Ashram Chauraha/IT Park","totaldistance":5.6,"totaltime":"19"},{"stationid":3999,"stationname":"D A V V","totaldistance":6.1,"totaltime":"21"},{"stationid":3980,"stationname":"Tantya Bheel Chouraha (Bhawarkua)","totaldistance":6.5,"totaltime":"22"},{"stationid":3890,"stationname":"Tower Chouraha_1","totaldistance":7.5,"totaltime":"24"},{"stationid":3962,"stationname":"Sindhi Colony","totaldistance":7.9,"totaltime":"25"},{"stationid":4028,"stationname":"Jabran Colony/Juni Indore","totaldistance":8.8,"totaltime":"26"},{"stationid":3818,"stationname":"Collectorate","totaldistance":9.3,"totaltime":"28"},{"stationid":3816,"stationname":"G.D.C College","totaldistance":9.8,"totaltime":"29"},{"stationid":3833,"stationname":"Lal Baug_1","totaldistance":10.3,"totaltime":"30"},{"stationid":4235,"stationname":"Mhow Naka City Bus","totaldistance":10.5,"totaltime":"31"},{"stationid":4065,"stationname":"M.O.G Line","totaldistance":11,"totaltime":"33"},{"stationid":3808,"stationname":"Gangwal Bus Stand","totaldistance":11.4,"totaltime":"34"},{"stationid":3805,"stationname":"Rajmohalla","totaldistance":12.4,"totaltime":"35"},{"stationid":3803,"stationname":"Antim Square","totaldistance":12.8,"totaltime":"36"},{"stationid":3801,"stationname":"Badaganpati","totaldistance":13.3,"totaltime":"37"},{"stationid":3794,"stationname":"Kandilpura","totaldistance":13.6,"totaltime":"39"},{"stationid":3793,"stationname":"Jinsi Square","totaldistance":13.9,"totaltime":"40"},{"stationid":3829,"stationname":"Kila Maidan/Laxmi Bai Pratima","totaldistance":14.2,"totaltime":"42"},{"stationid":3791,"stationname":"Indore Wire Factory","totaldistance":14.7,"totaltime":"43"},{"stationid":3790,"stationname":"Laxmibai Mandi","totaldistance":15.3,"totaltime":"45"},{"stationid":3789,"stationname":"Hammal Colony","totaldistance":15.7,"totaltime":"46"},{"stationid":3786,"stationname":"Sangam Nagar Road","totaldistance":16,"totaltime":"47"},{"stationid":3781,"stationname":"Shrinath Colony","totaldistance":16.2,"totaltime":"49"},{"stationid":3777,"stationname":"Isha Avenue Gate","totaldistance":16.4,"totaltime":"51"},{"stationid":3772,"stationname":"Gareeb Nawaj Colony","totaldistance":16.6,"totaltime":"52"},{"stationid":3760,"stationname":"Yadav Dharmshala","totaldistance":16.7,"totaltime":"55"},{"stationid":3759,"stationname":"Surajbali Nagar","totaldistance":17.1,"totaltime":"60"},{"stationid":3758,"stationname":"Chhota Bangarda","totaldistance":18.4,"totaltime":"65"}]