[{"stationid":4316,"stationname":"Reti Mandi Chouraha","totaldistance":0,"totaltime":"0"},{"stationid":4317,"stationname":"D-Mart","totaldistance":0.6,"totaltime":"1"},{"stationid":4318,"stationname":"Krishna Nagar","totaldistance":1.1,"totaltime":"2"},{"stationid":4320,"stationname":"Narmada Chouraha","totaldistance":1.5,"totaltime":"3"},{"stationid":4319,"stationname":"Paraspar Nagar","totaldistance":1.8,"totaltime":"4"},{"stationid":4321,"stationname":"Siddhipuram","totaldistance":2.1,"totaltime":"5"},{"stationid":4322,"stationname":"Greater Vaishali","totaldistance":2.5,"totaltime":"6"},{"stationid":4138,"stationname":"Chanakyapuri Square_1","totaldistance":3.5,"totaltime":"9"},{"stationid":3859,"stationname":"Annapurna Nagar","totaldistance":4.1,"totaltime":"10"},{"stationid":3884,"stationname":"Usha Nagar","totaldistance":4.9,"totaltime":"12"},{"stationid":4235,"stationname":"Mhow Naka City Bus","totaldistance":5.9,"totaltime":"15"},{"stationid":3814,"stationname":"Lal Baug_2","totaldistance":6.3,"totaltime":"17"},{"stationid":3816,"stationname":"G.D.C College","totaldistance":6.7,"totaltime":"18"},{"stationid":3818,"stationname":"Collectorate","totaldistance":7.1,"totaltime":"19"},{"stationid":4015,"stationname":"Shri Pandharinath Mandir_2","totaldistance":7.8,"totaltime":"21"},{"stationid":4013,"stationname":"Gurudwara","totaldistance":8.3,"totaltime":"23"},{"stationid":3945,"stationname":"Rajwada","totaldistance":8.4,"totaltime":"25"},{"stationid":4222,"stationname":"Nagar Nigam Depot_2","totaldistance":9.2,"totaltime":"29"},{"stationid":3987,"stationname":"ChimanBagh","totaldistance":9.7,"totaltime":"31"},{"stationid":3979,"stationname":"Bhandari Mill","totaldistance":10.2,"totaltime":"33"},{"stationid":4093,"stationname":"Naka Bhatta","totaldistance":11.6,"totaltime":"37"},{"stationid":3956,"stationname":"Subhash Nagar_2","totaldistance":11.9,"totaltime":"38"},{"stationid":4112,"stationname":"Pardesipura","totaldistance":12.2,"totaltime":"39"},{"stationid":3913,"stationname":"Electronic Complex","totaldistance":13.2,"totaltime":"43"},{"stationid":4011,"stationname":"Gouri Nagar","totaldistance":13.7,"totaltime":"45"},{"stationid":3878,"stationname":"Veena nagar","totaldistance":14.4,"totaltime":"47"},{"stationid":4066,"stationname":"MR 10/ Chandragupt mourya square","totaldistance":14.7,"totaltime":"48"},{"stationid":3914,"stationname":"Royal Bungalow (Sukhliya)","totaldistance":15,"totaltime":"50"},{"stationid":3953,"stationname":"Sukhliya","totaldistance":15.2,"totaltime":"51"},{"stationid":4019,"stationname":"Hiranagar","totaldistance":15.5,"totaltime":"52"},{"stationid":3880,"stationname":"Bapat","totaldistance":15.9,"totaltime":"53"},{"stationid":4197,"stationname":"Fortune Hotel","totaldistance":16.6,"totaltime":"54"},{"stationid":4085,"stationname":"Meghdoot","totaldistance":16.9,"totaltime":"55"},{"stationid":3972,"stationname":"Sayaji","totaldistance":17.1,"totaltime":"56"},{"stationid":4150,"stationname":"Vijay Nagar City Bus","totaldistance":17.7,"totaltime":"58"},{"stationid":4198,"stationname":"Mangal City","totaldistance":17.8,"totaltime":"61"},{"stationid":3973,"stationname":"Satya Sai City Bus","totaldistance":17.9,"totaltime":"62"},{"stationid":4196,"stationname":"Jain Nursery","totaldistance":18,"totaltime":"64"},{"stationid":3969,"stationname":"Shalimar Township City Bus","totaldistance":18.3,"totaltime":"65"},{"stationid":5,"stationname":"Scheme No. 78","totaldistance":19.1,"totaltime":"67"},{"stationid":4227,"stationname":"Nai Sadak","totaldistance":19.6,"totaltime":"68"},{"stationid":4001,"stationname":"Dewas Naka","totaldistance":19.8,"totaltime":"69"},{"stationid":4057,"stationname":"Laxmi Pump","totaldistance":20.7,"totaltime":"71"},{"stationid":4056,"stationname":"Lasudiya","totaldistance":21.8,"totaltime":"75"},{"stationid":3978,"stationname":"Sanghi Motors","totaldistance":22,"totaltime":"76"},{"stationid":4354,"stationname":"Tata Tower \u0026 Godown","totaldistance":22.7,"totaltime":"78"},{"stationid":4111,"stationname":"Panchwati","totaldistance":23,"totaltime":"79"},{"stationid":4480,"stationname":"Talawali Chanda","totaldistance":24.1,"totaltime":"82"},{"stationid":4479,"stationname":"Ansal Town","totaldistance":24.8,"totaltime":"84"},{"stationid":4478,"stationname":"Casa Green Township","totaldistance":25.2,"totaltime":"85"},{"stationid":4477,"stationname":"Balaji Enclave","totaldistance":26.1,"totaltime":"88"},{"stationid":4476,"stationname":"A P J Abdul Kalam University","totaldistance":26.8,"totaltime":"90"}]