[{"stationid":4476,"stationname":"A P J Abdul Kalam University","totaldistance":0,"totaltime":"0"},{"stationid":4477,"stationname":"Balaji Enclave","totaldistance":0.7,"totaltime":"2"},{"stationid":4478,"stationname":"Casa Green Township","totaldistance":1.6,"totaltime":"5"},{"stationid":4479,"stationname":"Ansal Town","totaldistance":2,"totaltime":"6"},{"stationid":4480,"stationname":"Talawali Chanda","totaldistance":2.7,"totaltime":"8"},{"stationid":4111,"stationname":"Panchwati","totaldistance":3.8,"totaltime":"11"},{"stationid":4354,"stationname":"Tata Tower \u0026 Godown","totaldistance":4.1,"totaltime":"12"},{"stationid":3978,"stationname":"Sanghi Motors","totaldistance":4.8,"totaltime":"14"},{"stationid":4056,"stationname":"Lasudiya","totaldistance":5,"totaltime":"15"},{"stationid":4057,"stationname":"Laxmi Pump","totaldistance":6.1,"totaltime":"19"},{"stationid":4001,"stationname":"Dewas Naka","totaldistance":7,"totaltime":"21"},{"stationid":4227,"stationname":"Nai Sadak","totaldistance":7.2,"totaltime":"22"},{"stationid":5,"stationname":"Scheme No. 78","totaldistance":7.7,"totaltime":"23"},{"stationid":3969,"stationname":"Shalimar Township City Bus","totaldistance":8.5,"totaltime":"25"},{"stationid":4196,"stationname":"Jain Nursery","totaldistance":8.6,"totaltime":"26"},{"stationid":3973,"stationname":"Satya Sai City Bus","totaldistance":8.9,"totaltime":"28"},{"stationid":4198,"stationname":"Mangal City","totaldistance":9,"totaltime":"29"},{"stationid":4150,"stationname":"Vijay Nagar City Bus","totaldistance":9.1,"totaltime":"32"},{"stationid":3972,"stationname":"Sayaji","totaldistance":9.7,"totaltime":"34"},{"stationid":4085,"stationname":"Meghdoot","totaldistance":9.9,"totaltime":"35"},{"stationid":4197,"stationname":"Fortune Hotel","totaldistance":10.2,"totaltime":"36"},{"stationid":3880,"stationname":"Bapat","totaldistance":10.9,"totaltime":"37"},{"stationid":4019,"stationname":"Hiranagar","totaldistance":11.3,"totaltime":"38"},{"stationid":3953,"stationname":"Sukhliya","totaldistance":11.6,"totaltime":"39"},{"stationid":3914,"stationname":"Royal Bungalow (Sukhliya)","totaldistance":11.8,"totaltime":"40"},{"stationid":4066,"stationname":"MR 10/ Chandragupt mourya square","totaldistance":12.1,"totaltime":"42"},{"stationid":3878,"stationname":"Veena nagar","totaldistance":12.4,"totaltime":"43"},{"stationid":4011,"stationname":"Gouri Nagar","totaldistance":13.1,"totaltime":"45"},{"stationid":3913,"stationname":"Electronic Complex","totaldistance":13.6,"totaltime":"47"},{"stationid":4112,"stationname":"Pardesipura","totaldistance":14.6,"totaltime":"51"},{"stationid":3957,"stationname":"Subhash Nagar_1","totaldistance":14.9,"totaltime":"52"},{"stationid":4093,"stationname":"Naka Bhatta","totaldistance":15.2,"totaltime":"53"},{"stationid":3979,"stationname":"Bhandari Mill","totaldistance":16.6,"totaltime":"57"},{"stationid":3987,"stationname":"ChimanBagh","totaldistance":17.1,"totaltime":"59"},{"stationid":4092,"stationname":"Nagar Nigam Depot_1","totaldistance":17.6,"totaltime":"61"},{"stationid":3945,"stationname":"Rajwada","totaldistance":18.4,"totaltime":"65"},{"stationid":4013,"stationname":"Gurudwara","totaldistance":18.5,"totaltime":"67"},{"stationid":4193,"stationname":"Shri Pandharinath Mandir_1","totaldistance":19,"totaltime":"69"},{"stationid":3818,"stationname":"Collectorate","totaldistance":19.7,"totaltime":"71"},{"stationid":3816,"stationname":"G.D.C College","totaldistance":20.1,"totaltime":"72"},{"stationid":3833,"stationname":"Lal Baug_1","totaldistance":20.5,"totaltime":"73"},{"stationid":4235,"stationname":"Mhow Naka City Bus","totaldistance":20.9,"totaltime":"75"},{"stationid":3884,"stationname":"Usha Nagar","totaldistance":21.9,"totaltime":"78"},{"stationid":3859,"stationname":"Annapurna Nagar","totaldistance":22.7,"totaltime":"80"},{"stationid":4138,"stationname":"Chanakyapuri Square_1","totaldistance":23.3,"totaltime":"81"},{"stationid":4322,"stationname":"Greater Vaishali","totaldistance":24.3,"totaltime":"84"},{"stationid":4321,"stationname":"Siddhipuram","totaldistance":24.7,"totaltime":"85"},{"stationid":4319,"stationname":"Paraspar Nagar","totaldistance":25,"totaltime":"86"},{"stationid":4320,"stationname":"Narmada Chouraha","totaldistance":25.3,"totaltime":"87"},{"stationid":4318,"stationname":"Krishna Nagar","totaldistance":25.7,"totaltime":"88"},{"stationid":4317,"stationname":"D-Mart","totaldistance":26.2,"totaltime":"89"},{"stationid":4316,"stationname":"Reti Mandi Chouraha","totaldistance":26.8,"totaltime":"90"}]