[{"stationid":3863,"stationname":"Arvindo","totaldistance":0,"totaltime":"0"},{"stationid":4063,"stationname":"Luv Kush / MR 10 SQ","totaldistance":0.9,"totaltime":"2"},{"stationid":4036,"stationname":"Kankad","totaldistance":2.1,"totaltime":"7"},{"stationid":4225,"stationname":"M R-10 Toll Plaza","totaldistance":2.9,"totaltime":"9"},{"stationid":4066,"stationname":"MR 10/ Chandragupt mourya square","totaldistance":4.6,"totaltime":"11"},{"stationid":3914,"stationname":"Royal Bungalow (Sukhliya)","totaldistance":5.2,"totaltime":"12"},{"stationid":3953,"stationname":"Sukhliya","totaldistance":5.5,"totaltime":"14"},{"stationid":3880,"stationname":"Bapat","totaldistance":5.9,"totaltime":"15"},{"stationid":4197,"stationname":"Fortune Hotel","totaldistance":6.3,"totaltime":"18"},{"stationid":4085,"stationname":"Meghdoot","totaldistance":6.8,"totaltime":"20"},{"stationid":3972,"stationname":"Sayaji","totaldistance":7.2,"totaltime":"21"},{"stationid":4150,"stationname":"Vijay Nagar City Bus","totaldistance":7.6,"totaltime":"23"},{"stationid":3973,"stationname":"Satya Sai City Bus","totaldistance":8.1,"totaltime":"24"},{"stationid":3984,"stationname":"Bombay Hospital","totaldistance":8.9,"totaltime":"26"},{"stationid":4223,"stationname":"Malviya Pump","totaldistance":9.4,"totaltime":"27"},{"stationid":3877,"stationname":"Velocity Talkies","totaldistance":9.7,"totaltime":"28"},{"stationid":4076,"stationname":"Malviya Nagar","totaldistance":10.2,"totaltime":"30"},{"stationid":3991,"stationname":"City Bus Depot","totaldistance":10.6,"totaltime":"31"},{"stationid":4049,"stationname":"Khajrana Ring Road","totaldistance":11.3,"totaltime":"32"},{"stationid":4084,"stationname":"Mayur Hospital","totaldistance":12.2,"totaltime":"34"},{"stationid":4141,"stationname":"Bangali Ringroad","totaldistance":12.7,"totaltime":"35"},{"stationid":4014,"stationname":"Hanuman Mandir","totaldistance":13.5,"totaltime":"37"},{"stationid":4121,"stationname":"Pipliya Hana Square","totaldistance":14.2,"totaltime":"38"},{"stationid":3968,"stationname":"Shanti Nagar","totaldistance":15.2,"totaltime":"41"},{"stationid":4089,"stationname":"Musakhedi","totaldistance":16,"totaltime":"44"},{"stationid":3852,"stationname":"Allahabad Bank/ Krishnapuri Colony","totaldistance":16.4,"totaltime":"45"},{"stationid":3907,"stationname":"Essar Pump/ Pawanpuri Colony","totaldistance":17.2,"totaltime":"46"},{"stationid":3903,"stationname":"Teen Imli","totaldistance":17.6,"totaltime":"48"},{"stationid":3988,"stationname":"Chitawad_1","totaldistance":18,"totaltime":"51"},{"stationid":4224,"stationname":"Pharmacy","totaldistance":18.4,"totaltime":"52"},{"stationid":4143,"stationname":"Ashram Chauraha/IT Park","totaldistance":19.1,"totaltime":"54"},{"stationid":3999,"stationname":"D A V V","totaldistance":19.5,"totaltime":"56"},{"stationid":3980,"stationname":"Tantya Bheel Chouraha (Bhawarkua)","totaldistance":20,"totaltime":"58"},{"stationid":3982,"stationname":"Bholaram/Deendayal Upadhyay Garden","totaldistance":20.9,"totaltime":"61"},{"stationid":3828,"stationname":"Choithram Mandi","totaldistance":21.9,"totaltime":"65"},{"stationid":3827,"stationname":"Choithram Hospital","totaldistance":22.5,"totaltime":"67"},{"stationid":3826,"stationname":"Saifi Nagar","totaldistance":22.8,"totaltime":"71"},{"stationid":3822,"stationname":"Prem Nagar","totaldistance":23.5,"totaltime":"73"},{"stationid":3820,"stationname":"Palsikar","totaldistance":23.8,"totaltime":"75"},{"stationid":3818,"stationname":"Collectorate","totaldistance":24.1,"totaltime":"76"},{"stationid":3816,"stationname":"G.D.C College","totaldistance":24.4,"totaltime":"77"},{"stationid":3833,"stationname":"Lal Baug_1","totaldistance":25,"totaltime":"78"},{"stationid":4235,"stationname":"Mhow Naka City Bus","totaldistance":25.3,"totaltime":"80"}]