[{"stationid":3899,"stationname":"Tejaji Nagar","totaldistance":0,"totaltime":"0"},{"stationid":4042,"stationname":"Kasturba Gram","totaldistance":0.7,"totaltime":"2"},{"stationid":4132,"stationname":"Pushpkunj","totaldistance":1.6,"totaltime":"4"},{"stationid":4070,"stationname":"Machli Farm","totaldistance":2,"totaltime":"7"},{"stationid":4125,"stationname":"Power House_1","totaldistance":2.5,"totaltime":"9"},{"stationid":4061,"stationname":"Limbodi/Ashram","totaldistance":3.5,"totaltime":"13"},{"stationid":4156,"stationname":"Radhaswami","totaldistance":4.1,"totaltime":"15"},{"stationid":3934,"stationname":"Ranjeet Singh College","totaldistance":4.8,"totaltime":"18"},{"stationid":4022,"stationname":"IET/SOPA","totaldistance":5,"totaltime":"20"},{"stationid":4143,"stationname":"Ashram Chauraha/IT Park","totaldistance":5.6,"totaltime":"22"},{"stationid":3999,"stationname":"D A V V","totaldistance":6.1,"totaltime":"24"},{"stationid":3980,"stationname":"Tantya Bheel Chouraha (Bhawarkua)","totaldistance":6.5,"totaltime":"25"},{"stationid":3889,"stationname":"Tower Chouraha_2","totaldistance":7.5,"totaltime":"27"},{"stationid":3962,"stationname":"Sindhi Colony","totaldistance":7.9,"totaltime":"29"},{"stationid":4028,"stationname":"Jabran Colony/Juni Indore","totaldistance":8.8,"totaltime":"32"},{"stationid":3818,"stationname":"Collectorate","totaldistance":9.3,"totaltime":"34"},{"stationid":4015,"stationname":"Shri Pandharinath Mandir_2","totaldistance":9.8,"totaltime":"37"},{"stationid":4013,"stationname":"Gurudwara","totaldistance":10.2,"totaltime":"39"},{"stationid":3945,"stationname":"Rajwada","totaldistance":10.5,"totaltime":"41"}]