[{"stationid":4046,"stationname":"Khajrana Ganesh Mandir","totaldistance":0,"totaltime":"0"},{"stationid":4049,"stationname":"Khajrana Ring Road","totaldistance":0.5,"totaltime":"2"},{"stationid":4270,"stationname":"Swarn Bagh","totaldistance":1,"totaltime":"4"},{"stationid":4076,"stationname":"Malviya Nagar","totaldistance":1.5,"totaltime":"6"},{"stationid":4060,"stationname":"LIG","totaldistance":2,"totaltime":"8"},{"stationid":3990,"stationname":"Christian Eminent","totaldistance":2.5,"totaltime":"10"},{"stationid":4088,"stationname":"MIG Thana","totaldistance":2.6,"totaltime":"12"},{"stationid":4114,"stationname":"Patnipura","totaldistance":3.2,"totaltime":"14"},{"stationid":4094,"stationname":"Nanda Nagar","totaldistance":3.7,"totaltime":"17"},{"stationid":3900,"stationname":"Teenpuliya ","totaldistance":4,"totaltime":"19"},{"stationid":4112,"stationname":"Pardesipura","totaldistance":4.3,"totaltime":"21"},{"stationid":3957,"stationname":"Subhash Nagar_1","totaldistance":4.5,"totaltime":"23"},{"stationid":4093,"stationname":"Naka Bhatta","totaldistance":4.9,"totaltime":"25"},{"stationid":4153,"stationname":"Pardeshipura Thana","totaldistance":5.3,"totaltime":"27"},{"stationid":3979,"stationname":"Bhandari Mill","totaldistance":6.2,"totaltime":"29"},{"stationid":3908,"stationname":"DRP Line","totaldistance":6.5,"totaltime":"31"},{"stationid":3987,"stationname":"ChimanBagh","totaldistance":6.9,"totaltime":"33"},{"stationid":4092,"stationname":"Nagar Nigam Depot_1","totaldistance":7.1,"totaltime":"35"},{"stationid":3945,"stationname":"Rajwada","totaldistance":8.1,"totaltime":"37"},{"stationid":4222,"stationname":"Nagar Nigam Depot_2","totaldistance":9.1,"totaltime":"40"},{"stationid":4062,"stationname":"Lokhande Bridge","totaldistance":9.6,"totaltime":"42"},{"stationid":3849,"stationname":"Ahilya Ashram","totaldistance":10.4,"totaltime":"44"},{"stationid":4123,"stationname":"Polo Ground","totaldistance":10.6,"totaltime":"46"},{"stationid":4083,"stationname":"Marimata Chouraha","totaldistance":11.4,"totaltime":"48"},{"stationid":4074,"stationname":"Mahesh Guard Line/Police Line Pump","totaldistance":11.8,"totaltime":"50"},{"stationid":3919,"stationname":"G.D.C","totaldistance":12.1,"totaltime":"52"},{"stationid":3829,"stationname":"Kila Maidan/Laxmi Bai Pratima","totaldistance":12.5,"totaltime":"53"},{"stationid":3791,"stationname":"Indore Wire Factory","totaldistance":13,"totaltime":"55"},{"stationid":3941,"stationname":"Rambali Nagar","totaldistance":13.4,"totaltime":"57"},{"stationid":3916,"stationname":"Excellent School","totaldistance":14.3,"totaltime":"59"},{"stationid":3975,"stationname":"Sanmati Hospital","totaldistance":14.8,"totaltime":"61"},{"stationid":3939,"stationname":"Sangam Nagar","totaldistance":15.4,"totaltime":"63"}]