[{"stationid":3903,"stationname":"Teen Imli","totaldistance":0,"totaltime":"0"},{"stationid":4173,"stationname":"Chitawad_2","totaldistance":0.8,"totaltime":"1"},{"stationid":4127,"stationname":"Prakash Nagar_2","totaldistance":1.2,"totaltime":"2"},{"stationid":4098,"stationname":"Navlakha Chouraha","totaldistance":1.4,"totaltime":"4"},{"stationid":4096,"stationname":"Navlakha Bus Stop City Bus","totaldistance":1.7,"totaltime":"6"},{"stationid":3871,"stationname":"Zoo","totaldistance":2.5,"totaltime":"8"},{"stationid":4003,"stationname":"GPO City Bus","totaldistance":2.9,"totaltime":"9"},{"stationid":4064,"stationname":"Nehru Stadium/MY Hospital Bus Std","totaldistance":3.3,"totaltime":"10"},{"stationid":4158,"stationname":"M.Y. Std / MY Chauraha/White Church/Dental Clg","totaldistance":3.5,"totaltime":"11"},{"stationid":4000,"stationname":"Dawa Bazar","totaldistance":4.5,"totaltime":"13"},{"stationid":4071,"stationname":"Madhu Milan","totaldistance":4.8,"totaltime":"14"},{"stationid":4113,"stationname":"Patel Pratima","totaldistance":5.1,"totaltime":"15"},{"stationid":4144,"stationname":"Chhoti Gwaltoli","totaldistance":5.3,"totaltime":"16"},{"stationid":3950,"stationname":"Railway Station","totaldistance":5.5,"totaltime":"19"},{"stationid":4146,"stationname":"GSITS Chauraha (Marimata Mandir)","totaldistance":6.1,"totaltime":"21"},{"stationid":3948,"stationname":"Rajkumar Mill1/ Rajkumar Bridge ","totaldistance":6.5,"totaltime":"23"},{"stationid":3908,"stationname":"DRP Line","totaldistance":7.3,"totaltime":"25"},{"stationid":3987,"stationname":"ChimanBagh","totaldistance":7.7,"totaltime":"27"},{"stationid":4092,"stationname":"Nagar Nigam Depot_1","totaldistance":7.9,"totaltime":"29"},{"stationid":4062,"stationname":"Lokhande Bridge","totaldistance":8.4,"totaltime":"31"},{"stationid":3849,"stationname":"Ahilya Ashram","totaldistance":9.2,"totaltime":"33"},{"stationid":4123,"stationname":"Polo Ground","totaldistance":9.4,"totaltime":"34"},{"stationid":4083,"stationname":"Marimata Chouraha","totaldistance":10.2,"totaltime":"36"},{"stationid":4074,"stationname":"Mahesh Guard Line/Police Line Pump","totaldistance":10.6,"totaltime":"38"},{"stationid":4044,"stationname":"Khada Ganpati","totaldistance":11.1,"totaltime":"40"},{"stationid":3942,"stationname":"Rambali Chouraha","totaldistance":11.4,"totaltime":"42"},{"stationid":3971,"stationname":"Sch. No. 51","totaldistance":11.7,"totaltime":"44"},{"stationid":3888,"stationname":"Triveni Chouraha","totaldistance":12.1,"totaltime":"46"},{"stationid":3931,"stationname":"Ganesh Bagh","totaldistance":12.4,"totaltime":"48"},{"stationid":3874,"stationname":"Vikas Pradhikaran","totaldistance":12.7,"totaltime":"50"},{"stationid":3997,"stationname":"Dashrath Bagh","totaldistance":13.1,"totaltime":"52"},{"stationid":4095,"stationname":"Nandbagh","totaldistance":13.9,"totaltime":"54"},{"stationid":3898,"stationname":"Tigriya Badshah Kakad","totaldistance":14.3,"totaltime":"55"}]