[{"stationid":3898,"stationname":"Tigriya Badshah Kakad","totaldistance":0,"totaltime":"0"},{"stationid":4095,"stationname":"Nandbagh","totaldistance":0.4,"totaltime":"1"},{"stationid":3997,"stationname":"Dashrath Bagh","totaldistance":1.2,"totaltime":"3"},{"stationid":3874,"stationname":"Vikas Pradhikaran","totaldistance":1.6,"totaltime":"5"},{"stationid":3931,"stationname":"Ganesh Bagh","totaldistance":1.9,"totaltime":"7"},{"stationid":3888,"stationname":"Triveni Chouraha","totaldistance":2.2,"totaltime":"9"},{"stationid":3971,"stationname":"Sch. No. 51","totaldistance":2.6,"totaltime":"11"},{"stationid":3942,"stationname":"Rambali Chouraha","totaldistance":2.9,"totaltime":"13"},{"stationid":4044,"stationname":"Khada Ganpati","totaldistance":3.2,"totaltime":"15"},{"stationid":4074,"stationname":"Mahesh Guard Line/Police Line Pump","totaldistance":3.7,"totaltime":"17"},{"stationid":4083,"stationname":"Marimata Chouraha","totaldistance":4.1,"totaltime":"19"},{"stationid":4123,"stationname":"Polo Ground","totaldistance":4.9,"totaltime":"21"},{"stationid":3849,"stationname":"Ahilya Ashram","totaldistance":5.1,"totaltime":"22"},{"stationid":4062,"stationname":"Lokhande Bridge","totaldistance":5.9,"totaltime":"24"},{"stationid":4092,"stationname":"Nagar Nigam Depot_1","totaldistance":6.4,"totaltime":"26"},{"stationid":3987,"stationname":"ChimanBagh","totaldistance":6.6,"totaltime":"28"},{"stationid":3908,"stationname":"DRP Line","totaldistance":7,"totaltime":"30"},{"stationid":3948,"stationname":"Rajkumar Mill1/ Rajkumar Bridge ","totaldistance":7.8,"totaltime":"32"},{"stationid":4146,"stationname":"GSITS Chauraha (Marimata Mandir)","totaldistance":8.2,"totaltime":"34"},{"stationid":3950,"stationname":"Railway Station","totaldistance":8.8,"totaltime":"36"},{"stationid":4144,"stationname":"Chhoti Gwaltoli","totaldistance":9,"totaltime":"39"},{"stationid":4113,"stationname":"Patel Pratima","totaldistance":9.2,"totaltime":"40"},{"stationid":4071,"stationname":"Madhu Milan","totaldistance":9.5,"totaltime":"41"},{"stationid":4000,"stationname":"Dawa Bazar","totaldistance":9.8,"totaltime":"42"},{"stationid":4158,"stationname":"M.Y. Std / MY Chauraha/White Church/Dental Clg","totaldistance":10.8,"totaltime":"44"},{"stationid":4064,"stationname":"Nehru Stadium/MY Hospital Bus Std","totaldistance":11,"totaltime":"45"},{"stationid":4003,"stationname":"GPO City Bus","totaldistance":11.4,"totaltime":"46"},{"stationid":3871,"stationname":"Zoo","totaldistance":11.8,"totaltime":"47"},{"stationid":4096,"stationname":"Navlakha Bus Stop City Bus","totaldistance":12.6,"totaltime":"49"},{"stationid":4098,"stationname":"Navlakha Chouraha","totaldistance":12.9,"totaltime":"51"},{"stationid":4127,"stationname":"Prakash Nagar_2","totaldistance":13.1,"totaltime":"53"},{"stationid":4173,"stationname":"Chitawad_2","totaldistance":13.5,"totaltime":"54"},{"stationid":3903,"stationname":"Teen Imli","totaldistance":14.3,"totaltime":"55"}]