[{"stationid":4389,"stationname":"ADVANCED ACADEMY","totaldistance":0,"totaltime":"0"},{"stationid":4103,"stationname":"Nipaniya Gram","totaldistance":0.3,"totaltime":"1"},{"stationid":3937,"stationname":"Samar park","totaldistance":0.5,"totaltime":"2"},{"stationid":3867,"stationname":"B.C.M. Paradise","totaldistance":1.3,"totaltime":"5"},{"stationid":3886,"stationname":"Tulsi Nagar","totaldistance":1.6,"totaltime":"6"},{"stationid":3952,"stationname":"Sun City","totaldistance":1.9,"totaltime":"8"},{"stationid":4073,"stationname":"Mahalakshmi Nagar","totaldistance":2.2,"totaltime":"10"},{"stationid":3984,"stationname":"Bombay Hospital","totaldistance":2.5,"totaltime":"12"},{"stationid":4151,"stationname":"Radisson Hotel","totaldistance":2.9,"totaltime":"14"},{"stationid":4150,"stationname":"Vijay Nagar City Bus","totaldistance":3.2,"totaltime":"16"},{"stationid":3972,"stationname":"Sayaji","totaldistance":3.7,"totaltime":"18"},{"stationid":4008,"stationname":"Girdhar Mahal","totaldistance":4.1,"totaltime":"20"},{"stationid":3897,"stationname":"Bhamori","totaldistance":4.3,"totaltime":"22"},{"stationid":3864,"stationname":"Astha Anup/Anup Talkies","totaldistance":4.9,"totaltime":"24"},{"stationid":4114,"stationname":"Patnipura","totaldistance":5.8,"totaltime":"26"},{"stationid":3870,"stationname":"Bakery Gali","totaldistance":6,"totaltime":"27"},{"stationid":4078,"stationname":"Malwa Mill","totaldistance":6.6,"totaltime":"29"},{"stationid":3948,"stationname":"Rajkumar Mill1/ Rajkumar Bridge ","totaldistance":7.5,"totaltime":"31"},{"stationid":4146,"stationname":"GSITS Chauraha (Marimata Mandir)","totaldistance":8,"totaltime":"34"},{"stationid":3922,"stationname":"G.S.I.T.S.","totaldistance":9.1,"totaltime":"36"},{"stationid":4145,"stationname":"Regal (Shastri Bridge)","totaldistance":10.6,"totaltime":"41"},{"stationid":3950,"stationname":"Railway Station","totaldistance":11,"totaltime":"44"},{"stationid":4144,"stationname":"Chhoti Gwaltoli","totaldistance":11.2,"totaltime":"45"}]