[{"stationid":4144,"stationname":"Chhoti Gwaltoli","totaldistance":0,"totaltime":"0"},{"stationid":3950,"stationname":"Railway Station","totaldistance":0.2,"totaltime":"1"},{"stationid":4145,"stationname":"Regal (Shastri Bridge)","totaldistance":0.6,"totaltime":"4"},{"stationid":3922,"stationname":"G.S.I.T.S.","totaldistance":2.1,"totaltime":"9"},{"stationid":4146,"stationname":"GSITS Chauraha (Marimata Mandir)","totaldistance":3.2,"totaltime":"11"},{"stationid":3948,"stationname":"Rajkumar Mill1/ Rajkumar Bridge ","totaldistance":3.7,"totaltime":"14"},{"stationid":4078,"stationname":"Malwa Mill","totaldistance":4.6,"totaltime":"16"},{"stationid":3870,"stationname":"Bakery Gali","totaldistance":5.2,"totaltime":"18"},{"stationid":4114,"stationname":"Patnipura","totaldistance":5.4,"totaltime":"19"},{"stationid":3864,"stationname":"Astha Anup/Anup Talkies","totaldistance":6.3,"totaltime":"21"},{"stationid":3897,"stationname":"Bhamori","totaldistance":6.9,"totaltime":"23"},{"stationid":4008,"stationname":"Girdhar Mahal","totaldistance":7.1,"totaltime":"25"},{"stationid":3972,"stationname":"Sayaji","totaldistance":7.5,"totaltime":"27"},{"stationid":4150,"stationname":"Vijay Nagar City Bus","totaldistance":8,"totaltime":"29"},{"stationid":4151,"stationname":"Radisson Hotel","totaldistance":8.3,"totaltime":"31"},{"stationid":3984,"stationname":"Bombay Hospital","totaldistance":8.7,"totaltime":"33"},{"stationid":4073,"stationname":"Mahalakshmi Nagar","totaldistance":9,"totaltime":"35"},{"stationid":3952,"stationname":"Sun City","totaldistance":9.3,"totaltime":"37"},{"stationid":3886,"stationname":"Tulsi Nagar","totaldistance":9.6,"totaltime":"38"},{"stationid":3867,"stationname":"B.C.M. Paradise","totaldistance":9.9,"totaltime":"40"},{"stationid":3937,"stationname":"Samar park","totaldistance":10.4,"totaltime":"42"},{"stationid":4103,"stationname":"Nipaniya Gram","totaldistance":10.9,"totaltime":"43"},{"stationid":4389,"stationname":"ADVANCED ACADEMY","totaldistance":11.2,"totaltime":"45"}]