[{"stationid":3828,"stationname":"Choithram Mandi","totaldistance":0,"totaltime":"0"},{"stationid":3827,"stationname":"Choithram Hospital","totaldistance":0.7,"totaltime":"2"},{"stationid":3826,"stationname":"Saifi Nagar","totaldistance":1.5,"totaltime":"4"},{"stationid":3824,"stationname":"Manik Baug","totaldistance":1.8,"totaltime":"6"},{"stationid":3822,"stationname":"Prem Nagar","totaldistance":2.5,"totaltime":"8"},{"stationid":3820,"stationname":"Palsikar","totaldistance":2.8,"totaltime":"9"},{"stationid":3818,"stationname":"Collectorate","totaldistance":3,"totaltime":"11"},{"stationid":3816,"stationname":"G.D.C College","totaldistance":3.6,"totaltime":"13"},{"stationid":3814,"stationname":"Lal Baug_2","totaldistance":3.9,"totaltime":"14"},{"stationid":4235,"stationname":"Mhow Naka City Bus","totaldistance":4.2,"totaltime":"16"},{"stationid":4065,"stationname":"M.O.G Line","totaldistance":4.7,"totaltime":"18"},{"stationid":3808,"stationname":"Gangwal Bus Stand","totaldistance":5.1,"totaltime":"20"},{"stationid":3805,"stationname":"Rajmohalla","totaldistance":5.5,"totaltime":"21"},{"stationid":3803,"stationname":"Antim Square","totaldistance":5.8,"totaltime":"22"},{"stationid":3801,"stationname":"Badaganpati","totaldistance":6.1,"totaltime":"23"},{"stationid":3794,"stationname":"Kandilpura","totaldistance":6.4,"totaltime":"24"},{"stationid":3793,"stationname":"Jinsi Square","totaldistance":6.7,"totaltime":"26"},{"stationid":4192,"stationname":"Chouthi Paltan","totaldistance":7,"totaltime":"28"},{"stationid":4142,"stationname":"Badwali Chouki","totaldistance":7.2,"totaltime":"29"},{"stationid":3958,"stationname":"Smrati Talkies","totaldistance":7.3,"totaltime":"31"},{"stationid":4024,"stationname":"Imli Bazar","totaldistance":7.5,"totaltime":"32"},{"stationid":3943,"stationname":"Rambagh","totaldistance":7.8,"totaltime":"33"},{"stationid":4092,"stationname":"Nagar Nigam Depot_1","totaldistance":8.1,"totaltime":"35"},{"stationid":3987,"stationname":"ChimanBagh","totaldistance":8.3,"totaltime":"36"},{"stationid":3908,"stationname":"DRP Line","totaldistance":8.7,"totaltime":"38"},{"stationid":3948,"stationname":"Rajkumar Mill1/ Rajkumar Bridge ","totaldistance":9.5,"totaltime":"39"},{"stationid":4078,"stationname":"Malwa Mill","totaldistance":10.4,"totaltime":"42"},{"stationid":3870,"stationname":"Bakery Gali","totaldistance":11,"totaltime":"44"},{"stationid":4114,"stationname":"Patnipura","totaldistance":11.2,"totaltime":"46"},{"stationid":4094,"stationname":"Nanda Nagar","totaldistance":11.7,"totaltime":"49"},{"stationid":3900,"stationname":"Teenpuliya ","totaldistance":12,"totaltime":"52"},{"stationid":4112,"stationname":"Pardesipura","totaldistance":12.3,"totaltime":"54"},{"stationid":3996,"stationname":"Damru Ustad Chouraha","totaldistance":12.7,"totaltime":"57"},{"stationid":3882,"stationname":"Bhagirathpura Pul","totaldistance":13.7,"totaltime":"59"},{"stationid":3883,"stationname":"Bhagirathpura","totaldistance":14.3,"totaltime":"60"}]