[{"stationid":3883,"stationname":"Bhagirathpura","totaldistance":0,"totaltime":"0"},{"stationid":3882,"stationname":"Bhagirathpura Pul","totaldistance":0.6,"totaltime":"1"},{"stationid":3996,"stationname":"Damru Ustad Chouraha","totaldistance":1.6,"totaltime":"3"},{"stationid":4112,"stationname":"Pardesipura","totaldistance":2,"totaltime":"6"},{"stationid":3900,"stationname":"Teenpuliya ","totaldistance":2.3,"totaltime":"8"},{"stationid":4094,"stationname":"Nanda Nagar","totaldistance":2.6,"totaltime":"11"},{"stationid":4114,"stationname":"Patnipura","totaldistance":3.1,"totaltime":"14"},{"stationid":3870,"stationname":"Bakery Gali","totaldistance":3.3,"totaltime":"16"},{"stationid":4078,"stationname":"Malwa Mill","totaldistance":3.9,"totaltime":"18"},{"stationid":3948,"stationname":"Rajkumar Mill1/ Rajkumar Bridge ","totaldistance":4.8,"totaltime":"21"},{"stationid":3908,"stationname":"DRP Line","totaldistance":5.6,"totaltime":"22"},{"stationid":3987,"stationname":"ChimanBagh","totaldistance":6,"totaltime":"24"},{"stationid":4092,"stationname":"Nagar Nigam Depot_1","totaldistance":6.2,"totaltime":"25"},{"stationid":3943,"stationname":"Rambagh","totaldistance":6.5,"totaltime":"27"},{"stationid":4024,"stationname":"Imli Bazar","totaldistance":6.8,"totaltime":"28"},{"stationid":3958,"stationname":"Smrati Talkies","totaldistance":7,"totaltime":"29"},{"stationid":4142,"stationname":"Badwali Chouki","totaldistance":7.1,"totaltime":"31"},{"stationid":4192,"stationname":"Chouthi Paltan","totaldistance":7.3,"totaltime":"32"},{"stationid":3793,"stationname":"Jinsi Square","totaldistance":7.6,"totaltime":"34"},{"stationid":3794,"stationname":"Kandilpura","totaldistance":7.9,"totaltime":"36"},{"stationid":3801,"stationname":"Badaganpati","totaldistance":8.2,"totaltime":"37"},{"stationid":3803,"stationname":"Antim Square","totaldistance":8.5,"totaltime":"38"},{"stationid":3805,"stationname":"Rajmohalla","totaldistance":8.8,"totaltime":"39"},{"stationid":3808,"stationname":"Gangwal Bus Stand","totaldistance":9.2,"totaltime":"40"},{"stationid":4065,"stationname":"M.O.G Line","totaldistance":9.6,"totaltime":"42"},{"stationid":4235,"stationname":"Mhow Naka City Bus","totaldistance":10.1,"totaltime":"44"},{"stationid":3833,"stationname":"Lal Baug_1","totaldistance":10.4,"totaltime":"46"},{"stationid":3816,"stationname":"G.D.C College","totaldistance":10.7,"totaltime":"47"},{"stationid":3818,"stationname":"Collectorate","totaldistance":11.3,"totaltime":"49"},{"stationid":3820,"stationname":"Palsikar","totaldistance":11.5,"totaltime":"51"},{"stationid":3822,"stationname":"Prem Nagar","totaldistance":11.8,"totaltime":"52"},{"stationid":3824,"stationname":"Manik Baug","totaldistance":12.5,"totaltime":"54"},{"stationid":3826,"stationname":"Saifi Nagar","totaldistance":12.8,"totaltime":"56"},{"stationid":3827,"stationname":"Choithram Hospital","totaldistance":13.6,"totaltime":"58"},{"stationid":3828,"stationname":"Choithram Mandi","totaldistance":14.3,"totaltime":"60"}]