[{"stationid":4267,"stationname":"Lakhani Bypass","totaldistance":0,"totaltime":"0"},{"stationid":4368,"stationname":"Jairam Toll Kanta","totaldistance":0.5,"totaltime":"2"},{"stationid":4370,"stationname":"Udhyog Nagar","totaldistance":2.1,"totaltime":"6"},{"stationid":4109,"stationname":"Palda Naka","totaldistance":3.4,"totaltime":"10"},{"stationid":3903,"stationname":"Teen Imli","totaldistance":4.5,"totaltime":"13"},{"stationid":4173,"stationname":"Chitawad_2","totaldistance":5.3,"totaltime":"17"},{"stationid":4127,"stationname":"Prakash Nagar_2","totaldistance":5.7,"totaltime":"18"},{"stationid":4098,"stationname":"Navlakha Chouraha","totaldistance":5.9,"totaltime":"19"},{"stationid":4096,"stationname":"Navlakha Bus Stop City Bus","totaldistance":6.2,"totaltime":"21"},{"stationid":3871,"stationname":"Zoo","totaldistance":7,"totaltime":"23"},{"stationid":4003,"stationname":"GPO City Bus","totaldistance":7.4,"totaltime":"24"},{"stationid":4064,"stationname":"Nehru Stadium/MY Hospital Bus Std","totaldistance":7.8,"totaltime":"25"},{"stationid":4158,"stationname":"M.Y. Std / MY Chauraha/White Church/Dental Clg","totaldistance":8,"totaltime":"26"},{"stationid":4000,"stationname":"Dawa Bazar","totaldistance":9,"totaltime":"28"},{"stationid":4071,"stationname":"Madhu Milan","totaldistance":9.3,"totaltime":"29"},{"stationid":3950,"stationname":"Railway Station","totaldistance":10,"totaltime":"32"},{"stationid":4145,"stationname":"Regal (Shastri Bridge)","totaldistance":10.4,"totaltime":"36"},{"stationid":4017,"stationname":"City Centre / High Court_1","totaldistance":10.7,"totaltime":"37"},{"stationid":4058,"stationname":"Lanturn Chouraha","totaldistance":11,"totaltime":"38"},{"stationid":3936,"stationname":"Rani Sati Gate","totaldistance":11.5,"totaltime":"39"},{"stationid":4078,"stationname":"Malwa Mill","totaldistance":12.1,"totaltime":"41"},{"stationid":4114,"stationname":"Patnipura","totaldistance":13,"totaltime":"44"},{"stationid":3864,"stationname":"Astha Anup/Anup Talkies","totaldistance":13.6,"totaltime":"47"},{"stationid":3897,"stationname":"Bhamori","totaldistance":14.2,"totaltime":"49"},{"stationid":3932,"stationname":"Rasoma","totaldistance":14.9,"totaltime":"51"},{"stationid":4150,"stationname":"Vijay Nagar City Bus","totaldistance":15.2,"totaltime":"52"},{"stationid":3972,"stationname":"Sayaji","totaldistance":15.7,"totaltime":"54"},{"stationid":4085,"stationname":"Meghdoot","totaldistance":15.9,"totaltime":"55"},{"stationid":4197,"stationname":"Fortune Hotel","totaldistance":16.6,"totaltime":"57"},{"stationid":3880,"stationname":"Bapat","totaldistance":17.1,"totaltime":"58"},{"stationid":4019,"stationname":"Hiranagar","totaldistance":17.4,"totaltime":"60"},{"stationid":3953,"stationname":"Sukhliya","totaldistance":17.7,"totaltime":"61"},{"stationid":3914,"stationname":"Royal Bungalow (Sukhliya)","totaldistance":18,"totaltime":"62"},{"stationid":4066,"stationname":"MR 10/ Chandragupt mourya square","totaldistance":18.3,"totaltime":"63"},{"stationid":4497,"stationname":"Bhangarh Square","totaldistance":19.4,"totaltime":"66"},{"stationid":4496,"stationname":"Trimala Pride","totaldistance":19.9,"totaltime":"68"}]