[{"stationid":4496,"stationname":"Trimala Pride","totaldistance":0,"totaltime":"0"},{"stationid":4497,"stationname":"Bhangarh Square","totaldistance":0.5,"totaltime":"2"},{"stationid":4066,"stationname":"MR 10/ Chandragupt mourya square","totaldistance":1.6,"totaltime":"5"},{"stationid":3914,"stationname":"Royal Bungalow (Sukhliya)","totaldistance":1.9,"totaltime":"6"},{"stationid":3953,"stationname":"Sukhliya","totaldistance":2.2,"totaltime":"7"},{"stationid":4019,"stationname":"Hiranagar","totaldistance":2.5,"totaltime":"8"},{"stationid":3880,"stationname":"Bapat","totaldistance":2.8,"totaltime":"10"},{"stationid":4197,"stationname":"Fortune Hotel","totaldistance":3.3,"totaltime":"11"},{"stationid":4085,"stationname":"Meghdoot","totaldistance":4,"totaltime":"13"},{"stationid":3972,"stationname":"Sayaji","totaldistance":4.2,"totaltime":"14"},{"stationid":4150,"stationname":"Vijay Nagar City Bus","totaldistance":4.7,"totaltime":"16"},{"stationid":3932,"stationname":"Rasoma","totaldistance":5,"totaltime":"17"},{"stationid":3897,"stationname":"Bhamori","totaldistance":5.7,"totaltime":"19"},{"stationid":3864,"stationname":"Astha Anup/Anup Talkies","totaldistance":6.3,"totaltime":"21"},{"stationid":4114,"stationname":"Patnipura","totaldistance":6.9,"totaltime":"24"},{"stationid":4078,"stationname":"Malwa Mill","totaldistance":7.8,"totaltime":"27"},{"stationid":3936,"stationname":"Rani Sati Gate","totaldistance":8.4,"totaltime":"29"},{"stationid":4058,"stationname":"Lanturn Chouraha","totaldistance":8.9,"totaltime":"30"},{"stationid":4017,"stationname":"City Centre / High Court_1","totaldistance":9.2,"totaltime":"31"},{"stationid":4145,"stationname":"Regal (Shastri Bridge)","totaldistance":9.5,"totaltime":"32"},{"stationid":3950,"stationname":"Railway Station","totaldistance":9.9,"totaltime":"36"},{"stationid":4071,"stationname":"Madhu Milan","totaldistance":10.6,"totaltime":"39"},{"stationid":4000,"stationname":"Dawa Bazar","totaldistance":10.9,"totaltime":"40"},{"stationid":4158,"stationname":"M.Y. Std / MY Chauraha/White Church/Dental Clg","totaldistance":11.9,"totaltime":"42"},{"stationid":4064,"stationname":"Nehru Stadium/MY Hospital Bus Std","totaldistance":12.1,"totaltime":"43"},{"stationid":4003,"stationname":"GPO City Bus","totaldistance":12.5,"totaltime":"44"},{"stationid":3871,"stationname":"Zoo","totaldistance":12.9,"totaltime":"45"},{"stationid":4096,"stationname":"Navlakha Bus Stop City Bus","totaldistance":13.7,"totaltime":"47"},{"stationid":4098,"stationname":"Navlakha Chouraha","totaldistance":14,"totaltime":"49"},{"stationid":4127,"stationname":"Prakash Nagar_2","totaldistance":14.2,"totaltime":"50"},{"stationid":4173,"stationname":"Chitawad_2","totaldistance":14.6,"totaltime":"51"},{"stationid":3903,"stationname":"Teen Imli","totaldistance":15.4,"totaltime":"55"},{"stationid":4109,"stationname":"Palda Naka","totaldistance":16.5,"totaltime":"58"},{"stationid":4370,"stationname":"Udhyog Nagar","totaldistance":17.8,"totaltime":"62"},{"stationid":4368,"stationname":"Jairam Toll Kanta","totaldistance":19.4,"totaltime":"66"},{"stationid":4267,"stationname":"Lakhani Bypass","totaldistance":19.9,"totaltime":"68"}]