[{"stationid":3939,"stationname":"Sangam Nagar","totaldistance":0,"totaltime":"0"},{"stationid":3975,"stationname":"Sanmati Hospital","totaldistance":0.6,"totaltime":"2"},{"stationid":3916,"stationname":"Excellent School","totaldistance":1.1,"totaltime":"4"},{"stationid":3941,"stationname":"Rambali Nagar","totaldistance":2,"totaltime":"6"},{"stationid":3791,"stationname":"Indore Wire Factory","totaldistance":2.4,"totaltime":"8"},{"stationid":3829,"stationname":"Kila Maidan/Laxmi Bai Pratima","totaldistance":2.9,"totaltime":"10"},{"stationid":3919,"stationname":"G.D.C","totaldistance":3.3,"totaltime":"11"},{"stationid":4074,"stationname":"Mahesh Guard Line/Police Line Pump","totaldistance":3.6,"totaltime":"13"},{"stationid":4083,"stationname":"Marimata Chouraha","totaldistance":4,"totaltime":"15"},{"stationid":4123,"stationname":"Polo Ground","totaldistance":4.8,"totaltime":"17"},{"stationid":3849,"stationname":"Ahilya Ashram","totaldistance":5,"totaltime":"19"},{"stationid":4062,"stationname":"Lokhande Bridge","totaldistance":5.8,"totaltime":"21"},{"stationid":4092,"stationname":"Nagar Nigam Depot_1","totaldistance":6.3,"totaltime":"23"},{"stationid":3945,"stationname":"Rajwada","totaldistance":7.3,"totaltime":"26"},{"stationid":4222,"stationname":"Nagar Nigam Depot_2","totaldistance":8.3,"totaltime":"28"},{"stationid":3987,"stationname":"ChimanBagh","totaldistance":8.5,"totaltime":"30"},{"stationid":3908,"stationname":"DRP Line","totaldistance":8.9,"totaltime":"32"},{"stationid":3979,"stationname":"Bhandari Mill","totaldistance":9.2,"totaltime":"34"},{"stationid":4153,"stationname":"Pardeshipura Thana","totaldistance":10.1,"totaltime":"36"},{"stationid":4093,"stationname":"Naka Bhatta","totaldistance":10.5,"totaltime":"38"},{"stationid":3956,"stationname":"Subhash Nagar_2","totaldistance":10.9,"totaltime":"40"},{"stationid":4112,"stationname":"Pardesipura","totaldistance":11.1,"totaltime":"42"},{"stationid":3900,"stationname":"Teenpuliya ","totaldistance":11.4,"totaltime":"44"},{"stationid":4094,"stationname":"Nanda Nagar","totaldistance":11.7,"totaltime":"46"},{"stationid":4114,"stationname":"Patnipura","totaldistance":12.2,"totaltime":"49"},{"stationid":4088,"stationname":"MIG Thana","totaldistance":12.8,"totaltime":"51"},{"stationid":3990,"stationname":"Christian Eminent","totaldistance":12.9,"totaltime":"53"},{"stationid":4060,"stationname":"LIG","totaldistance":13.4,"totaltime":"55"},{"stationid":4076,"stationname":"Malviya Nagar","totaldistance":13.9,"totaltime":"57"},{"stationid":4270,"stationname":"Swarn Bagh","totaldistance":14.4,"totaltime":"59"},{"stationid":4049,"stationname":"Khajrana Ring Road","totaldistance":14.9,"totaltime":"61"},{"stationid":4046,"stationname":"Khajrana Ganesh Mandir","totaldistance":15.4,"totaltime":"63"}]