[{"stationid":3899,"stationname":"Tejaji Nagar","totaldistance":0,"totaltime":"0"},{"stationid":4042,"stationname":"Kasturba Gram","totaldistance":0.7,"totaltime":"2"},{"stationid":4132,"stationname":"Pushpkunj","totaldistance":1.6,"totaltime":"5"},{"stationid":4070,"stationname":"Machli Farm","totaldistance":2,"totaltime":"6"},{"stationid":4125,"stationname":"Power House_1","totaldistance":2.5,"totaltime":"8"},{"stationid":4061,"stationname":"Limbodi/Ashram","totaldistance":3.5,"totaltime":"12"},{"stationid":4156,"stationname":"Radhaswami","totaldistance":4.1,"totaltime":"13"},{"stationid":3934,"stationname":"Ranjeet Singh College","totaldistance":4.8,"totaltime":"16"},{"stationid":4022,"stationname":"IET/SOPA","totaldistance":5,"totaltime":"17"},{"stationid":4143,"stationname":"Ashram Chauraha/IT Park","totaldistance":5.6,"totaltime":"19"},{"stationid":3999,"stationname":"D A V V","totaldistance":6.1,"totaltime":"21"},{"stationid":3980,"stationname":"Tantya Bheel Chouraha (Bhawarkua)","totaldistance":6.5,"totaltime":"22"},{"stationid":4020,"stationname":"Holkar City Bus","totaldistance":7.1,"totaltime":"24"},{"stationid":4098,"stationname":"Navlakha Chouraha","totaldistance":8,"totaltime":"26"},{"stationid":3871,"stationname":"Zoo","totaldistance":8.6,"totaltime":"28"},{"stationid":4003,"stationname":"GPO City Bus","totaldistance":9.1,"totaltime":"30"},{"stationid":4064,"stationname":"Nehru Stadium/MY Hospital Bus Std","totaldistance":9.6,"totaltime":"32"},{"stationid":4158,"stationname":"M.Y. Std / MY Chauraha/White Church/Dental Clg","totaldistance":10,"totaltime":"34"},{"stationid":4071,"stationname":"Madhu Milan","totaldistance":10.7,"totaltime":"37"},{"stationid":4000,"stationname":"Dawa Bazar","totaldistance":11.1,"totaltime":"38"},{"stationid":3950,"stationname":"Railway Station","totaldistance":11.5,"totaltime":"39"},{"stationid":4067,"stationname":"M.T.H._2","totaldistance":12.1,"totaltime":"41"},{"stationid":3976,"stationname":"Sanjay Setu_1","totaldistance":12.9,"totaltime":"43"},{"stationid":4013,"stationname":"Gurudwara","totaldistance":13.6,"totaltime":"47"},{"stationid":4119,"stationname":"Pipli Bazar","totaldistance":13.8,"totaltime":"49"},{"stationid":4202,"stationname":"Narsingh Chouraha","totaldistance":14.1,"totaltime":"51"},{"stationid":4075,"stationname":"Malganj","totaldistance":14.5,"totaltime":"53"},{"stationid":3805,"stationname":"Rajmohalla","totaldistance":15.2,"totaltime":"55"},{"stationid":3862,"stationname":"Antim Chauraha","totaldistance":15.5,"totaltime":"56"},{"stationid":3801,"stationname":"Badaganpati","totaldistance":15.8,"totaltime":"57"},{"stationid":3938,"stationname":"Ramchandra Pump / APTC","totaldistance":16.6,"totaltime":"60"},{"stationid":3891,"stationname":"Tirupati Nagar","totaldistance":17,"totaltime":"61"},{"stationid":4199,"stationname":"Shikshak Nagar","totaldistance":17.2,"totaltime":"62"},{"stationid":4037,"stationname":"Kalani Nagar","totaldistance":17.7,"totaltime":"63"},{"stationid":3876,"stationname":"Vidhyadham","totaldistance":18,"totaltime":"64"},{"stationid":4110,"stationname":"Panchsheel","totaldistance":18.9,"totaltime":"67"},{"stationid":3850,"stationname":"Airport","totaldistance":19.4,"totaltime":"69"},{"stationid":4226,"stationname":"B C School","totaldistance":20.6,"totaltime":"74"},{"stationid":3926,"stationname":"Gandhi Nagar","totaldistance":21,"totaltime":"80"},{"stationid":4101,"stationname":"Naya Basera","totaldistance":21.5,"totaltime":"81"},{"stationid":4010,"stationname":"GOMATGIRI CHOURAHA","totaldistance":22,"totaltime":"82"},{"stationid":4387,"stationname":"GOMATGIRI TEMPLE","totaldistance":22.8,"totaltime":"83"},{"stationid":4388,"stationname":"GOVT. SCHOOL GANDHI NAGAR","totaldistance":23.5,"totaltime":"84"},{"stationid":4385,"stationname":"Pitra Parvat","totaldistance":24.2,"totaltime":"86"}]