[{"stationid":4385,"stationname":"Pitra Parvat","totaldistance":0,"totaltime":"0"},{"stationid":4388,"stationname":"GOVT. SCHOOL GANDHI NAGAR","totaldistance":0.9,"totaltime":"2"},{"stationid":4387,"stationname":"GOMATGIRI TEMPLE","totaldistance":1.2,"totaltime":"4"},{"stationid":4010,"stationname":"GOMATGIRI CHOURAHA","totaldistance":1.5,"totaltime":"5"},{"stationid":4101,"stationname":"Naya Basera","totaldistance":2,"totaltime":"7"},{"stationid":3926,"stationname":"Gandhi Nagar","totaldistance":3,"totaltime":"10"},{"stationid":4226,"stationname":"B C School","totaldistance":4.8,"totaltime":"16"},{"stationid":3850,"stationname":"Airport","totaldistance":6,"totaltime":"21"},{"stationid":4110,"stationname":"Panchsheel","totaldistance":6.5,"totaltime":"23"},{"stationid":3876,"stationname":"Vidhyadham","totaldistance":7.4,"totaltime":"26"},{"stationid":4037,"stationname":"Kalani Nagar","totaldistance":7.7,"totaltime":"27"},{"stationid":1127,"stationname":"Shikshak Nagar","totaldistance":8,"totaltime":"28"},{"stationid":3891,"stationname":"Tirupati Nagar","totaldistance":8.4,"totaltime":"29"},{"stationid":3938,"stationname":"Ramchandra Pump / APTC","totaldistance":8.8,"totaltime":"30"},{"stationid":3801,"stationname":"Badaganpati","totaldistance":9.6,"totaltime":"33"},{"stationid":3862,"stationname":"Antim Chauraha","totaldistance":9.9,"totaltime":"34"},{"stationid":3805,"stationname":"Rajmohalla","totaldistance":10.2,"totaltime":"35"},{"stationid":4075,"stationname":"Malganj","totaldistance":10.9,"totaltime":"37"},{"stationid":4202,"stationname":"Narsingh Chouraha","totaldistance":11.3,"totaltime":"39"},{"stationid":4119,"stationname":"Pipli Bazar","totaldistance":11.6,"totaltime":"41"},{"stationid":4013,"stationname":"Gurudwara","totaldistance":11.8,"totaltime":"43"},{"stationid":3976,"stationname":"Sanjay Setu_1","totaldistance":12.5,"totaltime":"47"},{"stationid":4203,"stationname":"M.T.H._1","totaldistance":13.3,"totaltime":"49"},{"stationid":3950,"stationname":"Railway Station","totaldistance":13.9,"totaltime":"51"},{"stationid":4000,"stationname":"Dawa Bazar","totaldistance":14.3,"totaltime":"52"},{"stationid":4071,"stationname":"Madhu Milan","totaldistance":14.7,"totaltime":"53"},{"stationid":4064,"stationname":"Nehru Stadium/MY Hospital Bus Std","totaldistance":15.4,"totaltime":"56"},{"stationid":4158,"stationname":"M.Y. Std / MY Chauraha/White Church/Dental Clg","totaldistance":15.8,"totaltime":"58"},{"stationid":4003,"stationname":"GPO City Bus","totaldistance":16.3,"totaltime":"60"},{"stationid":3871,"stationname":"Zoo","totaldistance":16.8,"totaltime":"62"},{"stationid":4098,"stationname":"Navlakha Chouraha","totaldistance":17.4,"totaltime":"64"},{"stationid":4020,"stationname":"Holkar City Bus","totaldistance":18.3,"totaltime":"66"},{"stationid":3980,"stationname":"Tantya Bheel Chouraha (Bhawarkua)","totaldistance":18.9,"totaltime":"68"},{"stationid":3999,"stationname":"D A V V","totaldistance":19.3,"totaltime":"70"},{"stationid":4143,"stationname":"Ashram Chauraha/IT Park","totaldistance":19.8,"totaltime":"71"},{"stationid":4022,"stationname":"IET/SOPA","totaldistance":20.4,"totaltime":"73"},{"stationid":3934,"stationname":"Ranjeet Singh College","totaldistance":20.6,"totaltime":"74"},{"stationid":4156,"stationname":"Radhaswami","totaldistance":21.3,"totaltime":"77"},{"stationid":4061,"stationname":"Limbodi/Ashram","totaldistance":21.9,"totaltime":"78"},{"stationid":4125,"stationname":"Power House_1","totaldistance":22.9,"totaltime":"80"},{"stationid":4070,"stationname":"Machli Farm","totaldistance":23.4,"totaltime":"81"},{"stationid":4132,"stationname":"Pushpkunj","totaldistance":23.8,"totaltime":"82"},{"stationid":4042,"stationname":"Kasturba Gram","totaldistance":24,"totaltime":"84"},{"stationid":3899,"stationname":"Tejaji Nagar","totaldistance":24.2,"totaltime":"86"}]