[{"stationid":4488,"stationname":"California City","totaldistance":0,"totaltime":"0"},{"stationid":4343,"stationname":"Sewa Kunj","totaldistance":0.7,"totaltime":"1"},{"stationid":4348,"stationname":"Nav Factory","totaldistance":2.4,"totaltime":"5"},{"stationid":4349,"stationname":"Nirmal Dham","totaldistance":2.7,"totaltime":"6"},{"stationid":4344,"stationname":"Karuna Sagar","totaldistance":3.5,"totaltime":"8"},{"stationid":4345,"stationname":"Spring Valley School","totaldistance":4.5,"totaltime":"11"},{"stationid":4346,"stationname":"Kanadiya Thana","totaldistance":5,"totaltime":"13"},{"stationid":4081,"stationname":"Manavata ByPass","totaldistance":5.4,"totaltime":"18"},{"stationid":4082,"stationname":"Manavata Nagar","totaldistance":5.7,"totaltime":"19"},{"stationid":3995,"stationname":"Diamond Colony","totaldistance":5.8,"totaltime":"20"},{"stationid":3911,"stationname":"Sanchar Nagar","totaldistance":6.1,"totaltime":"21"},{"stationid":3885,"stationname":"Vaibhav Nagar","totaldistance":6.7,"totaltime":"23"},{"stationid":3964,"stationname":"Shivshakti Nagar","totaldistance":7.4,"totaltime":"25"},{"stationid":3872,"stationname":"Bangali Colony","totaldistance":7.9,"totaltime":"27"},{"stationid":4175,"stationname":"Bangali Ringroad - 1","totaldistance":8.2,"totaltime":"29"},{"stationid":4135,"stationname":"Telephone Nagar","totaldistance":8.9,"totaltime":"31"},{"stationid":3896,"stationname":"Tilak Nagar","totaldistance":9.2,"totaltime":"32"},{"stationid":4118,"stationname":"Patrakar Chouraha","totaldistance":9.5,"totaltime":"33"},{"stationid":4006,"stationname":"Gayatri Mandir","totaldistance":10.1,"totaltime":"35"},{"stationid":3868,"stationname":"Badwani Plaza","totaldistance":10.6,"totaltime":"36"},{"stationid":21,"stationname":"Palasiya Chouraha","totaldistance":11.1,"totaltime":"38"},{"stationid":4025,"stationname":"Indraprastha Tower","totaldistance":11.4,"totaltime":"39"},{"stationid":3905,"stationname":"T.I.","totaldistance":11.8,"totaltime":"40"},{"stationid":4271,"stationname":"Nath Mandir 1","totaldistance":12.1,"totaltime":"41"},{"stationid":4017,"stationname":"City Centre / High Court_1","totaldistance":12.6,"totaltime":"42"},{"stationid":3915,"stationname":"Regal Square","totaldistance":13.3,"totaltime":"44"},{"stationid":3923,"stationname":"Gandhi Hall/Palika Plaza_2","totaldistance":13.5,"totaltime":"46"},{"stationid":4174,"stationname":"Ranipura/ Kothari Market_2","totaldistance":13.8,"totaltime":"48"},{"stationid":3976,"stationname":"Sanjay Setu_1","totaldistance":14,"totaltime":"49"},{"stationid":3945,"stationname":"Rajwada","totaldistance":14.4,"totaltime":"53"},{"stationid":4013,"stationname":"Gurudwara","totaldistance":14.8,"totaltime":"56"},{"stationid":4333,"stationname":"Harsiddhi ","totaldistance":15.1,"totaltime":"57"},{"stationid":3818,"stationname":"Collectorate","totaldistance":15.5,"totaltime":"59"},{"stationid":3816,"stationname":"G.D.C College","totaldistance":15.9,"totaltime":"60"},{"stationid":3814,"stationname":"Lal Baug_2","totaldistance":16.4,"totaltime":"61"},{"stationid":4235,"stationname":"Mhow Naka City Bus","totaldistance":16.9,"totaltime":"63"},{"stationid":3906,"stationname":"Dravid Nagar","totaldistance":17.1,"totaltime":"64"},{"stationid":3933,"stationname":"Ranjit Hanuman","totaldistance":17.4,"totaltime":"66"},{"stationid":4012,"stationname":"Gumasta Nagar/Arihant Hospital","totaldistance":17.6,"totaltime":"67"},{"stationid":3917,"stationname":"Footi Kothi","totaldistance":18.4,"totaltime":"69"},{"stationid":3927,"stationname":"Relax Garden","totaldistance":18.6,"totaltime":"70"},{"stationid":4200,"stationname":"Sai Dwar","totaldistance":18.8,"totaltime":"71"},{"stationid":3893,"stationname":"Bhagwati Dwar","totaldistance":19.5,"totaltime":"73"},{"stationid":4016,"stationname":"Hawa Bangla","totaldistance":20.5,"totaltime":"76"},{"stationid":4218,"stationname":"Suryadev Nagar","totaldistance":21.5,"totaltime":"78"},{"stationid":4487,"stationname":"Kundan Nagar","totaldistance":22.4,"totaltime":"80"},{"stationid":4327,"stationname":"CAT","totaldistance":23.5,"totaltime":"83"}]