[{"stationid":4327,"stationname":"CAT","totaldistance":0,"totaltime":"0"},{"stationid":4487,"stationname":"Kundan Nagar","totaldistance":1.1,"totaltime":"3"},{"stationid":4218,"stationname":"Suryadev Nagar","totaldistance":2,"totaltime":"5"},{"stationid":4016,"stationname":"Hawa Bangla","totaldistance":3,"totaltime":"7"},{"stationid":3893,"stationname":"Bhagwati Dwar","totaldistance":4,"totaltime":"10"},{"stationid":4200,"stationname":"Sai Dwar","totaldistance":4.7,"totaltime":"12"},{"stationid":3927,"stationname":"Relax Garden","totaldistance":4.9,"totaltime":"13"},{"stationid":3917,"stationname":"Footi Kothi","totaldistance":5.1,"totaltime":"14"},{"stationid":4012,"stationname":"Gumasta Nagar/Arihant Hospital","totaldistance":5.9,"totaltime":"16"},{"stationid":3933,"stationname":"Ranjit Hanuman","totaldistance":6.1,"totaltime":"17"},{"stationid":3906,"stationname":"Dravid Nagar","totaldistance":6.4,"totaltime":"19"},{"stationid":4235,"stationname":"Mhow Naka City Bus","totaldistance":6.6,"totaltime":"20"},{"stationid":3833,"stationname":"Lal Baug_1","totaldistance":7.1,"totaltime":"22"},{"stationid":3816,"stationname":"G.D.C College","totaldistance":7.6,"totaltime":"23"},{"stationid":3818,"stationname":"Collectorate","totaldistance":8,"totaltime":"24"},{"stationid":4193,"stationname":"Shri Pandharinath Mandir_1","totaldistance":8.4,"totaltime":"26"},{"stationid":4013,"stationname":"Gurudwara","totaldistance":8.7,"totaltime":"27"},{"stationid":3945,"stationname":"Rajwada","totaldistance":9.1,"totaltime":"30"},{"stationid":3976,"stationname":"Sanjay Setu_1","totaldistance":9.5,"totaltime":"34"},{"stationid":4137,"stationname":"Ranipura/ Kothari Market_1","totaldistance":9.7,"totaltime":"35"},{"stationid":3925,"stationname":"Gandhi Hall/Palika Plaza_1","totaldistance":10,"totaltime":"37"},{"stationid":3915,"stationname":"Regal Square","totaldistance":10.2,"totaltime":"39"},{"stationid":4017,"stationname":"City Centre / High Court_1","totaldistance":10.9,"totaltime":"41"},{"stationid":4214,"stationname":"Nath Mandir","totaldistance":11.4,"totaltime":"42"},{"stationid":3905,"stationname":"T.I.","totaldistance":11.7,"totaltime":"43"},{"stationid":4025,"stationname":"Indraprastha Tower","totaldistance":12.1,"totaltime":"44"},{"stationid":21,"stationname":"Palasiya Chouraha","totaldistance":12.4,"totaltime":"45"},{"stationid":3868,"stationname":"Badwani Plaza","totaldistance":12.9,"totaltime":"47"},{"stationid":4006,"stationname":"Gayatri Mandir","totaldistance":13.4,"totaltime":"48"},{"stationid":4118,"stationname":"Patrakar Chouraha","totaldistance":14,"totaltime":"50"},{"stationid":3896,"stationname":"Tilak Nagar","totaldistance":14.3,"totaltime":"51"},{"stationid":4135,"stationname":"Telephone Nagar","totaldistance":14.6,"totaltime":"52"},{"stationid":4175,"stationname":"Bangali Ringroad - 1","totaldistance":15.3,"totaltime":"54"},{"stationid":3872,"stationname":"Bangali Colony","totaldistance":15.6,"totaltime":"56"},{"stationid":3964,"stationname":"Shivshakti Nagar","totaldistance":16.1,"totaltime":"58"},{"stationid":3885,"stationname":"Vaibhav Nagar","totaldistance":16.8,"totaltime":"60"},{"stationid":3911,"stationname":"Sanchar Nagar","totaldistance":17.4,"totaltime":"62"},{"stationid":3995,"stationname":"Diamond Colony","totaldistance":17.7,"totaltime":"63"},{"stationid":4082,"stationname":"Manavata Nagar","totaldistance":17.8,"totaltime":"64"},{"stationid":4081,"stationname":"Manavata ByPass","totaldistance":18.1,"totaltime":"65"},{"stationid":4346,"stationname":"Kanadiya Thana","totaldistance":18.5,"totaltime":"70"},{"stationid":4345,"stationname":"Spring Valley School","totaldistance":19,"totaltime":"72"},{"stationid":4344,"stationname":"Karuna Sagar","totaldistance":20,"totaltime":"75"},{"stationid":4349,"stationname":"Nirmal Dham","totaldistance":20.8,"totaltime":"77"},{"stationid":4348,"stationname":"Nav Factory","totaldistance":21.1,"totaltime":"78"},{"stationid":4343,"stationname":"Sewa Kunj","totaldistance":22.8,"totaltime":"82"},{"stationid":4488,"stationname":"California City","totaldistance":23.5,"totaltime":"83"}]