[{"stationid":4235,"stationname":"Mhow Naka City Bus","totaldistance":0,"totaltime":"0"},{"stationid":3833,"stationname":"Lal Baug_1","totaldistance":1.1,"totaltime":"2"},{"stationid":3816,"stationname":"G.D.C College","totaldistance":1.7,"totaltime":"3"},{"stationid":3818,"stationname":"Collectorate","totaldistance":2,"totaltime":"4"},{"stationid":3820,"stationname":"Palsikar","totaldistance":2.3,"totaltime":"5"},{"stationid":3822,"stationname":"Prem Nagar","totaldistance":2.6,"totaltime":"7"},{"stationid":3826,"stationname":"Saifi Nagar","totaldistance":3.3,"totaltime":"9"},{"stationid":3827,"stationname":"Choithram Hospital","totaldistance":3.6,"totaltime":"13"},{"stationid":3828,"stationname":"Choithram Mandi","totaldistance":4.2,"totaltime":"15"},{"stationid":3982,"stationname":"Bholaram/Deendayal Upadhyay Garden","totaldistance":5.2,"totaltime":"19"},{"stationid":3980,"stationname":"Tantya Bheel Chouraha (Bhawarkua)","totaldistance":6.1,"totaltime":"22"},{"stationid":3999,"stationname":"D A V V","totaldistance":6.6,"totaltime":"24"},{"stationid":4143,"stationname":"Ashram Chauraha/IT Park","totaldistance":7,"totaltime":"26"},{"stationid":4224,"stationname":"Pharmacy","totaldistance":7.7,"totaltime":"28"},{"stationid":4173,"stationname":"Chitawad_2","totaldistance":8.1,"totaltime":"29"},{"stationid":3903,"stationname":"Teen Imli","totaldistance":8.5,"totaltime":"32"},{"stationid":3907,"stationname":"Essar Pump/ Pawanpuri Colony","totaldistance":8.9,"totaltime":"34"},{"stationid":3852,"stationname":"Allahabad Bank/ Krishnapuri Colony","totaldistance":9.7,"totaltime":"35"},{"stationid":4089,"stationname":"Musakhedi","totaldistance":10.1,"totaltime":"36"},{"stationid":3968,"stationname":"Shanti Nagar","totaldistance":10.9,"totaltime":"39"},{"stationid":4121,"stationname":"Pipliya Hana Square","totaldistance":11.9,"totaltime":"42"},{"stationid":4014,"stationname":"Hanuman Mandir","totaldistance":12.6,"totaltime":"43"},{"stationid":4141,"stationname":"Bangali Ringroad","totaldistance":13.4,"totaltime":"45"},{"stationid":4084,"stationname":"Mayur Hospital","totaldistance":13.9,"totaltime":"46"},{"stationid":4049,"stationname":"Khajrana Ring Road","totaldistance":14.8,"totaltime":"48"},{"stationid":3991,"stationname":"City Bus Depot","totaldistance":15.5,"totaltime":"49"},{"stationid":4076,"stationname":"Malviya Nagar","totaldistance":15.9,"totaltime":"50"},{"stationid":3877,"stationname":"Velocity Talkies","totaldistance":16.4,"totaltime":"52"},{"stationid":4223,"stationname":"Malviya Pump","totaldistance":16.7,"totaltime":"53"},{"stationid":3984,"stationname":"Bombay Hospital","totaldistance":17.2,"totaltime":"54"},{"stationid":3973,"stationname":"Satya Sai City Bus","totaldistance":18,"totaltime":"56"},{"stationid":4150,"stationname":"Vijay Nagar City Bus","totaldistance":18.5,"totaltime":"57"},{"stationid":3972,"stationname":"Sayaji","totaldistance":18.9,"totaltime":"59"},{"stationid":4085,"stationname":"Meghdoot","totaldistance":19.3,"totaltime":"60"},{"stationid":4197,"stationname":"Fortune Hotel","totaldistance":19.8,"totaltime":"62"},{"stationid":3880,"stationname":"Bapat","totaldistance":20.2,"totaltime":"65"},{"stationid":3953,"stationname":"Sukhliya","totaldistance":20.6,"totaltime":"66"},{"stationid":3914,"stationname":"Royal Bungalow (Sukhliya)","totaldistance":20.9,"totaltime":"68"},{"stationid":4066,"stationname":"MR 10/ Chandragupt mourya square","totaldistance":21.5,"totaltime":"69"},{"stationid":4225,"stationname":"M R-10 Toll Plaza","totaldistance":23.2,"totaltime":"71"},{"stationid":4036,"stationname":"Kankad","totaldistance":24,"totaltime":"73"},{"stationid":4063,"stationname":"Luv Kush / MR 10 SQ","totaldistance":25,"totaltime":"78"},{"stationid":3863,"stationname":"Arvindo","totaldistance":25.3,"totaltime":"80"}]