[{"stationid":4250,"stationname":"Hatod","totaldistance":0,"totaltime":"0"},{"stationid":4384,"stationname":"Budhaniya","totaldistance":3,"totaltime":"6"},{"stationid":4385,"stationname":"Pitra Parvat","totaldistance":5.6,"totaltime":"12"},{"stationid":4387,"stationname":"GOMATGIRI TEMPLE","totaldistance":6.1,"totaltime":"15"},{"stationid":3926,"stationname":"Gandhi Nagar","totaldistance":9,"totaltime":"21"},{"stationid":4226,"stationname":"B C School","totaldistance":10.7,"totaltime":"26"},{"stationid":3850,"stationname":"Airport","totaldistance":11.9,"totaltime":"28"},{"stationid":4110,"stationname":"Panchsheel","totaldistance":12.4,"totaltime":"30"},{"stationid":3876,"stationname":"Vidhyadham","totaldistance":13.3,"totaltime":"33"},{"stationid":4037,"stationname":"Kalani Nagar","totaldistance":13.6,"totaltime":"36"},{"stationid":3891,"stationname":"Tirupati Nagar","totaldistance":14.3,"totaltime":"42"},{"stationid":3938,"stationname":"Ramchandra Pump / APTC","totaldistance":15,"totaltime":"44"},{"stationid":3801,"stationname":"Badaganpati","totaldistance":15.8,"totaltime":"46"},{"stationid":3862,"stationname":"Antim Chauraha","totaldistance":16.1,"totaltime":"48"},{"stationid":3805,"stationname":"Rajmohalla","totaldistance":16.4,"totaltime":"50"},{"stationid":4075,"stationname":"Malganj","totaldistance":17.1,"totaltime":"52"},{"stationid":4106,"stationname":"Narsingh Bazar","totaldistance":17.5,"totaltime":"54"},{"stationid":4013,"stationname":"Gurudwara","totaldistance":18,"totaltime":"58"},{"stationid":3945,"stationname":"Rajwada","totaldistance":18.3,"totaltime":"60"},{"stationid":3925,"stationname":"Gandhi Hall/Palika Plaza_1","totaldistance":19.5,"totaltime":"65"},{"stationid":3950,"stationname":"Railway Station","totaldistance":20.1,"totaltime":"70"},{"stationid":4071,"stationname":"Madhu Milan","totaldistance":20.9,"totaltime":"75"},{"stationid":4068,"stationname":"M.Y. Hospital Gate","totaldistance":21.9,"totaltime":"78"},{"stationid":4064,"stationname":"Nehru Stadium/MY Hospital Bus Std","totaldistance":22.1,"totaltime":"81"},{"stationid":4003,"stationname":"GPO City Bus","totaldistance":22.5,"totaltime":"83"},{"stationid":4098,"stationname":"Navlakha Chouraha","totaldistance":23.7,"totaltime":"87"},{"stationid":4020,"stationname":"Holkar City Bus","totaldistance":24.6,"totaltime":"89"},{"stationid":3980,"stationname":"Tantya Bheel Chouraha (Bhawarkua)","totaldistance":25.2,"totaltime":"91"},{"stationid":4143,"stationname":"Ashram Chauraha/IT Park","totaldistance":26.1,"totaltime":"95"},{"stationid":4022,"stationname":"IET/SOPA","totaldistance":26.7,"totaltime":"97"},{"stationid":3934,"stationname":"Ranjeet Singh College","totaldistance":26.9,"totaltime":"99"},{"stationid":4156,"stationname":"Radhaswami","totaldistance":27.6,"totaltime":"101"},{"stationid":4061,"stationname":"Limbodi/Ashram","totaldistance":28.2,"totaltime":"103"},{"stationid":4125,"stationname":"Power House_1","totaldistance":29.2,"totaltime":"105"},{"stationid":4070,"stationname":"Machli Farm","totaldistance":29.7,"totaltime":"106"},{"stationid":4132,"stationname":"Pushpkunj","totaldistance":30.1,"totaltime":"107"},{"stationid":4042,"stationname":"Kasturba Gram","totaldistance":31,"totaltime":"108"},{"stationid":3899,"stationname":"Tejaji Nagar","totaldistance":31.7,"totaltime":"110"}]