[{"stationid":3770,"stationname":"Bijalpur","totaldistance":0,"totaltime":"0"},{"stationid":3774,"stationname":"Rajendra Nagar","totaldistance":1,"totaltime":"2"},{"stationid":3881,"stationname":"Vaishali Nagar","totaldistance":2,"totaltime":"5"},{"stationid":3985,"stationname":"Chanakyapuri Square","totaldistance":2.4,"totaltime":"6"},{"stationid":3859,"stationname":"Annapurna Nagar","totaldistance":3,"totaltime":"7"},{"stationid":3858,"stationname":"Annapurna Mandir","totaldistance":3.4,"totaltime":"8"},{"stationid":3879,"stationname":"Bank Colony","totaldistance":3.8,"totaltime":"9"},{"stationid":3884,"stationname":"Usha Nagar","totaldistance":4.2,"totaltime":"10"},{"stationid":4136,"stationname":"Lokmanya Nagar","totaldistance":4.6,"totaltime":"11"},{"stationid":3951,"stationname":"R.T.O","totaldistance":5,"totaltime":"12"},{"stationid":3814,"stationname":"Lal Baug_2","totaldistance":5.6,"totaltime":"14"},{"stationid":3816,"stationname":"G.D.C College","totaldistance":6.2,"totaltime":"15"},{"stationid":3818,"stationname":"Collectorate","totaldistance":6.6,"totaltime":"16"},{"stationid":4015,"stationname":"Shri Pandharinath Mandir_2","totaldistance":7.1,"totaltime":"17"},{"stationid":3945,"stationname":"Rajwada","totaldistance":7.6,"totaltime":"19"},{"stationid":4119,"stationname":"Pipli Bazar","totaldistance":8,"totaltime":"20"},{"stationid":4106,"stationname":"Narsingh Bazar","totaldistance":8.3,"totaltime":"21"},{"stationid":4075,"stationname":"Malganj","totaldistance":8.7,"totaltime":"22"},{"stationid":3808,"stationname":"Gangwal Bus Stand","totaldistance":9.4,"totaltime":"23"},{"stationid":3894,"stationname":"Timber Market","totaldistance":9.8,"totaltime":"24"},{"stationid":4034,"stationname":"Jila Hospital","totaldistance":10,"totaltime":"25"},{"stationid":4194,"stationname":"Chandan Nagar","totaldistance":10.8,"totaltime":"27"},{"stationid":3961,"stationname":"Sirpur","totaldistance":11.4,"totaltime":"28"},{"stationid":4105,"stationname":"Noorani Nagar","totaldistance":12.3,"totaltime":"30"},{"stationid":3846,"stationname":"Abhinandan Pump","totaldistance":14.3,"totaltime":"35"},{"stationid":3875,"stationname":"Vidhyanjali School","totaldistance":15,"totaltime":"37"},{"stationid":4033,"stationname":"Jawahar Tekri","totaldistance":16,"totaltime":"40"}]