[{"stationid":4033,"stationname":"Jawahar Tekri","totaldistance":0,"totaltime":"0"},{"stationid":3875,"stationname":"Vidhyanjali School","totaldistance":1,"totaltime":"3"},{"stationid":3846,"stationname":"Abhinandan Pump","totaldistance":1.7,"totaltime":"5"},{"stationid":4105,"stationname":"Noorani Nagar","totaldistance":3.7,"totaltime":"10"},{"stationid":3961,"stationname":"Sirpur","totaldistance":4.6,"totaltime":"12"},{"stationid":4194,"stationname":"Chandan Nagar","totaldistance":5.2,"totaltime":"13"},{"stationid":4034,"stationname":"Jila Hospital","totaldistance":6,"totaltime":"15"},{"stationid":3894,"stationname":"Timber Market","totaldistance":6.2,"totaltime":"16"},{"stationid":3808,"stationname":"Gangwal Bus Stand","totaldistance":6.6,"totaltime":"17"},{"stationid":4075,"stationname":"Malganj","totaldistance":7.3,"totaltime":"18"},{"stationid":4106,"stationname":"Narsingh Bazar","totaldistance":7.7,"totaltime":"19"},{"stationid":4119,"stationname":"Pipli Bazar","totaldistance":8,"totaltime":"20"},{"stationid":3945,"stationname":"Rajwada","totaldistance":8.4,"totaltime":"21"},{"stationid":4193,"stationname":"Shri Pandharinath Mandir_1","totaldistance":8.9,"totaltime":"22"},{"stationid":3818,"stationname":"Collectorate","totaldistance":9.4,"totaltime":"24"},{"stationid":3816,"stationname":"G.D.C College","totaldistance":9.8,"totaltime":"25"},{"stationid":3833,"stationname":"Lal Baug_1","totaldistance":10.4,"totaltime":"26"},{"stationid":3951,"stationname":"R.T.O","totaldistance":11,"totaltime":"28"},{"stationid":4136,"stationname":"Lokmanya Nagar","totaldistance":11.4,"totaltime":"29"},{"stationid":3884,"stationname":"Usha Nagar","totaldistance":11.8,"totaltime":"30"},{"stationid":3879,"stationname":"Bank Colony","totaldistance":12.2,"totaltime":"31"},{"stationid":3858,"stationname":"Annapurna Mandir","totaldistance":12.6,"totaltime":"32"},{"stationid":3859,"stationname":"Annapurna Nagar","totaldistance":13,"totaltime":"33"},{"stationid":3985,"stationname":"Chanakyapuri Square","totaldistance":13.6,"totaltime":"34"},{"stationid":3881,"stationname":"Vaishali Nagar","totaldistance":14,"totaltime":"35"},{"stationid":3774,"stationname":"Rajendra Nagar","totaldistance":15,"totaltime":"38"},{"stationid":3770,"stationname":"Bijalpur","totaldistance":16,"totaltime":"40"}]