[{"stationid":4089,"stationname":"Musakhedi","totaldistance":0,"totaltime":"0"},{"stationid":3903,"stationname":"Teen Imli","totaldistance":1.4,"totaltime":"4"},{"stationid":3988,"stationname":"Chitawad_1","totaldistance":2.2,"totaltime":"7"},{"stationid":4143,"stationname":"Ashram Chauraha/IT Park","totaldistance":3.1,"totaltime":"10"},{"stationid":3999,"stationname":"D A V V","totaldistance":3.6,"totaltime":"12"},{"stationid":3980,"stationname":"Tantya Bheel Chouraha (Bhawarkua)","totaldistance":4,"totaltime":"14"},{"stationid":3889,"stationname":"Tower Chouraha_2","totaldistance":4.4,"totaltime":"16"},{"stationid":3962,"stationname":"Sindhi Colony","totaldistance":4.8,"totaltime":"18"},{"stationid":4028,"stationname":"Jabran Colony/Juni Indore","totaldistance":5.3,"totaltime":"20"},{"stationid":3818,"stationname":"Collectorate","totaldistance":5.6,"totaltime":"22"},{"stationid":3816,"stationname":"G.D.C College","totaldistance":5.9,"totaltime":"24"},{"stationid":3833,"stationname":"Lal Baug_1","totaldistance":6.5,"totaltime":"26"},{"stationid":4235,"stationname":"Mhow Naka City Bus","totaldistance":7,"totaltime":"28"},{"stationid":4065,"stationname":"M.O.G Line","totaldistance":7.9,"totaltime":"31"},{"stationid":3808,"stationname":"Gangwal Bus Stand","totaldistance":8.3,"totaltime":"33"},{"stationid":3805,"stationname":"Rajmohalla","totaldistance":9.3,"totaltime":"35"},{"stationid":3862,"stationname":"Antim Chauraha","totaldistance":9.7,"totaltime":"36"},{"stationid":3801,"stationname":"Badaganpati","totaldistance":10.2,"totaltime":"37"},{"stationid":3938,"stationname":"Ramchandra Pump / APTC","totaldistance":10.8,"totaltime":"40"},{"stationid":3891,"stationname":"Tirupati Nagar","totaldistance":11,"totaltime":"41"},{"stationid":1127,"stationname":"Shikshak Nagar","totaldistance":11.7,"totaltime":"42"},{"stationid":4037,"stationname":"Kalani Nagar","totaldistance":12.3,"totaltime":"43"},{"stationid":3876,"stationname":"Vidhyadham","totaldistance":13.3,"totaltime":"44"},{"stationid":4110,"stationname":"Panchsheel","totaldistance":13.8,"totaltime":"47"},{"stationid":3850,"stationname":"Airport","totaldistance":14.2,"totaltime":"49"},{"stationid":3983,"stationname":"Bijasan / Bijasan Central School","totaldistance":15.1,"totaltime":"54"},{"stationid":3926,"stationname":"Gandhi Nagar","totaldistance":15.8,"totaltime":"60"},{"stationid":4101,"stationname":"Naya Basera","totaldistance":16.8,"totaltime":"62"},{"stationid":4010,"stationname":"GOMATGIRI CHOURAHA","totaldistance":17.3,"totaltime":"63"},{"stationid":4387,"stationname":"GOMATGIRI TEMPLE","totaldistance":17.6,"totaltime":"64"},{"stationid":4388,"stationname":"GOVT. SCHOOL GANDHI NAGAR","totaldistance":17.9,"totaltime":"65"},{"stationid":4385,"stationname":"Pitra Parvat","totaldistance":18.8,"totaltime":"66"}]