[{"stationid":4385,"stationname":"Pitra Parvat","totaldistance":0,"totaltime":"0"},{"stationid":4388,"stationname":"GOVT. SCHOOL GANDHI NAGAR","totaldistance":0.9,"totaltime":"1"},{"stationid":4387,"stationname":"GOMATGIRI TEMPLE","totaldistance":1.2,"totaltime":"2"},{"stationid":4010,"stationname":"GOMATGIRI CHOURAHA","totaldistance":1.5,"totaltime":"3"},{"stationid":4101,"stationname":"Naya Basera","totaldistance":2,"totaltime":"4"},{"stationid":3926,"stationname":"Gandhi Nagar","totaldistance":3,"totaltime":"6"},{"stationid":3983,"stationname":"Bijasan / Bijasan Central School","totaldistance":3.7,"totaltime":"12"},{"stationid":3850,"stationname":"Airport","totaldistance":4.6,"totaltime":"17"},{"stationid":4110,"stationname":"Panchsheel","totaldistance":5,"totaltime":"19"},{"stationid":3876,"stationname":"Vidhyadham","totaldistance":5.5,"totaltime":"22"},{"stationid":4037,"stationname":"Kalani Nagar","totaldistance":6.5,"totaltime":"23"},{"stationid":1127,"stationname":"Shikshak Nagar","totaldistance":7.1,"totaltime":"24"},{"stationid":3891,"stationname":"Tirupati Nagar","totaldistance":7.8,"totaltime":"25"},{"stationid":3938,"stationname":"Ramchandra Pump / APTC","totaldistance":8,"totaltime":"26"},{"stationid":3801,"stationname":"Badaganpati","totaldistance":8.6,"totaltime":"29"},{"stationid":3862,"stationname":"Antim Chauraha","totaldistance":9.1,"totaltime":"30"},{"stationid":3805,"stationname":"Rajmohalla","totaldistance":9.5,"totaltime":"31"},{"stationid":3808,"stationname":"Gangwal Bus Stand","totaldistance":10.5,"totaltime":"33"},{"stationid":4065,"stationname":"M.O.G Line","totaldistance":10.9,"totaltime":"35"},{"stationid":4235,"stationname":"Mhow Naka City Bus","totaldistance":11.8,"totaltime":"38"},{"stationid":3814,"stationname":"Lal Baug_2","totaldistance":12.3,"totaltime":"40"},{"stationid":3816,"stationname":"G.D.C College","totaldistance":12.9,"totaltime":"42"},{"stationid":3818,"stationname":"Collectorate","totaldistance":13.2,"totaltime":"44"},{"stationid":4028,"stationname":"Jabran Colony/Juni Indore","totaldistance":13.5,"totaltime":"46"},{"stationid":3962,"stationname":"Sindhi Colony","totaldistance":14,"totaltime":"48"},{"stationid":3890,"stationname":"Tower Chouraha_1","totaldistance":14.4,"totaltime":"50"},{"stationid":3980,"stationname":"Tantya Bheel Chouraha (Bhawarkua)","totaldistance":14.8,"totaltime":"52"},{"stationid":3999,"stationname":"D A V V","totaldistance":15.2,"totaltime":"54"},{"stationid":4143,"stationname":"Ashram Chauraha/IT Park","totaldistance":15.7,"totaltime":"56"},{"stationid":3988,"stationname":"Chitawad_1","totaldistance":16.6,"totaltime":"59"},{"stationid":3903,"stationname":"Teen Imli","totaldistance":17.4,"totaltime":"62"},{"stationid":4089,"stationname":"Musakhedi","totaldistance":18.8,"totaltime":"66"}]