[{"stationid":4160,"stationname":"Sawariya Temple","totaldistance":0,"totaltime":"0"},{"stationid":4089,"stationname":"Musakhedi","totaldistance":1.5,"totaltime":"10"},{"stationid":4236,"stationname":"Musakhedi Mandi","totaldistance":2,"totaltime":"12"},{"stationid":4237,"stationname":"Narmada Project","totaldistance":2.4,"totaltime":"13"},{"stationid":4039,"stationname":"Kali Puliya","totaldistance":2.7,"totaltime":"14"},{"stationid":3865,"stationname":"Azad Nagar","totaldistance":3,"totaltime":"16"},{"stationid":4158,"stationname":"M.Y. Std / MY Chauraha/White Church/Dental Clg","totaldistance":4.2,"totaltime":"20"},{"stationid":4068,"stationname":"M.Y. Hospital Gate","totaldistance":5,"totaltime":"22"},{"stationid":4071,"stationname":"Madhu Milan","totaldistance":5.4,"totaltime":"25"},{"stationid":4144,"stationname":"Chhoti Gwaltoli","totaldistance":5.6,"totaltime":"27"},{"stationid":3844,"stationname":"Patel Bridge","totaldistance":5.8,"totaltime":"29"},{"stationid":4204,"stationname":"Saifee Hotel","totaldistance":6.4,"totaltime":"33"},{"stationid":4205,"stationname":"Sanjay Setu_2","totaldistance":7,"totaltime":"37"},{"stationid":4013,"stationname":"Gurudwara","totaldistance":7.7,"totaltime":"39"},{"stationid":4119,"stationname":"Pipli Bazar","totaldistance":8,"totaltime":"41"},{"stationid":4106,"stationname":"Narsingh Bazar","totaldistance":8.3,"totaltime":"43"},{"stationid":4075,"stationname":"Malganj","totaldistance":8.7,"totaltime":"45"},{"stationid":3805,"stationname":"Rajmohalla","totaldistance":9.1,"totaltime":"47"},{"stationid":3808,"stationname":"Gangwal Bus Stand","totaldistance":9.4,"totaltime":"49"},{"stationid":3894,"stationname":"Timber Market","totaldistance":9.8,"totaltime":"51"},{"stationid":4034,"stationname":"Jila Hospital","totaldistance":10,"totaltime":"53"},{"stationid":4194,"stationname":"Chandan Nagar","totaldistance":10.8,"totaltime":"55"},{"stationid":3961,"stationname":"Sirpur","totaldistance":11.4,"totaltime":"57"},{"stationid":4105,"stationname":"Noorani Nagar","totaldistance":12.3,"totaltime":"59"},{"stationid":4232,"stationname":"Baank","totaldistance":13,"totaltime":"61"},{"stationid":3846,"stationname":"Abhinandan Pump","totaldistance":14.3,"totaltime":"62"},{"stationid":3875,"stationname":"Vidhyanjali School","totaldistance":15,"totaltime":"63"},{"stationid":4033,"stationname":"Jawahar Tekri","totaldistance":16,"totaltime":"75"}]