[{"stationid":4033,"stationname":"Jawahar Tekri","totaldistance":0,"totaltime":"0"},{"stationid":3875,"stationname":"Vidhyanjali School","totaldistance":1,"totaltime":"7"},{"stationid":3846,"stationname":"Abhinandan Pump","totaldistance":1.7,"totaltime":"9"},{"stationid":4232,"stationname":"Baank","totaldistance":3,"totaltime":"11"},{"stationid":4105,"stationname":"Noorani Nagar","totaldistance":3.7,"totaltime":"15"},{"stationid":3961,"stationname":"Sirpur","totaldistance":4.6,"totaltime":"18"},{"stationid":1832,"stationname":"Chandan Nagar","totaldistance":5.2,"totaltime":"21"},{"stationid":4034,"stationname":"Jila Hospital","totaldistance":6,"totaltime":"23"},{"stationid":3894,"stationname":"Timber Market","totaldistance":6.2,"totaltime":"25"},{"stationid":3808,"stationname":"Gangwal Bus Stand","totaldistance":6.6,"totaltime":"27"},{"stationid":3805,"stationname":"Rajmohalla","totaldistance":6.9,"totaltime":"31"},{"stationid":4075,"stationname":"Malganj","totaldistance":7.3,"totaltime":"33"},{"stationid":4106,"stationname":"Narsingh Bazar","totaldistance":7.7,"totaltime":"37"},{"stationid":4119,"stationname":"Pipli Bazar","totaldistance":8,"totaltime":"39"},{"stationid":4013,"stationname":"Gurudwara","totaldistance":8.3,"totaltime":"41"},{"stationid":4205,"stationname":"Sanjay Setu_2","totaldistance":9,"totaltime":"46"},{"stationid":4204,"stationname":"Saifee Hotel","totaldistance":9.6,"totaltime":"50"},{"stationid":3844,"stationname":"Patel Bridge","totaldistance":10.2,"totaltime":"52"},{"stationid":4144,"stationname":"Chhoti Gwaltoli","totaldistance":10.4,"totaltime":"54"},{"stationid":4071,"stationname":"Madhu Milan","totaldistance":10.6,"totaltime":"56"},{"stationid":4068,"stationname":"M.Y. Hospital Gate","totaldistance":11,"totaltime":"58"},{"stationid":4158,"stationname":"M.Y. Std / MY Chauraha/White Church/Dental Clg","totaldistance":12.8,"totaltime":"62"},{"stationid":3865,"stationname":"Azad Nagar","totaldistance":13,"totaltime":"65"},{"stationid":4039,"stationname":"Kali Puliya","totaldistance":13.3,"totaltime":"67"},{"stationid":4237,"stationname":"Narmada Project","totaldistance":13.6,"totaltime":"68"},{"stationid":4236,"stationname":"Musakhedi Mandi","totaldistance":14,"totaltime":"70"},{"stationid":4089,"stationname":"Musakhedi","totaldistance":14.5,"totaltime":"71"},{"stationid":4160,"stationname":"Sawariya Temple","totaldistance":16,"totaltime":"75"}]