[{"stationid":4257,"stationname":"Silver City","totaldistance":0,"totaltime":"0"},{"stationid":4248,"stationname":"Nayta Mundla Bypass","totaldistance":0.9,"totaltime":"3"},{"stationid":4256,"stationname":"Nayta Mundla","totaldistance":1.62,"totaltime":"7"},{"stationid":4258,"stationname":"RTO Office","totaldistance":2.2,"totaltime":"10"},{"stationid":4259,"stationname":"Shubh City","totaldistance":3.12,"totaltime":"14"},{"stationid":4260,"stationname":"Tejaji Chowk","totaldistance":3.73,"totaltime":"22"},{"stationid":4109,"stationname":"Palda Naka","totaldistance":4.51,"totaltime":"27"},{"stationid":3903,"stationname":"Teen Imli","totaldistance":5.08,"totaltime":"29"},{"stationid":3907,"stationname":"Essar Pump/ Pawanpuri Colony","totaldistance":5.73,"totaltime":"35"},{"stationid":3852,"stationname":"Allahabad Bank/ Krishnapuri Colony","totaldistance":6.38,"totaltime":"39"},{"stationid":4089,"stationname":"Musakhedi","totaldistance":6.87,"totaltime":"44"},{"stationid":3968,"stationname":"Shanti Nagar","totaldistance":7.6,"totaltime":"51"},{"stationid":4264,"stationname":"Pink City","totaldistance":8.11,"totaltime":"59"},{"stationid":4121,"stationname":"Pipliya Hana Square","totaldistance":8.61,"totaltime":"64"},{"stationid":4261,"stationname":"Pipliyahana Gram","totaldistance":9.19,"totaltime":"69"},{"stationid":4262,"stationname":"Agriculture College","totaldistance":10.19,"totaltime":"72"},{"stationid":4263,"stationname":"Roberts Nursing Home","totaldistance":10.51,"totaltime":"74"},{"stationid":4269,"stationname":"White Church","totaldistance":10.9,"totaltime":"76"},{"stationid":4064,"stationname":"Nehru Stadium/MY Hospital Bus Std","totaldistance":11.35,"totaltime":"78"},{"stationid":4068,"stationname":"M.Y. Hospital Gate","totaldistance":11.45,"totaltime":"80"},{"stationid":4000,"stationname":"Dawa Bazar","totaldistance":11.65,"totaltime":"81"},{"stationid":4071,"stationname":"Madhu Milan","totaldistance":12.05,"totaltime":"83"},{"stationid":4144,"stationname":"Chhoti Gwaltoli","totaldistance":12.35,"totaltime":"85"},{"stationid":3950,"stationname":"Railway Station","totaldistance":12.95,"totaltime":"87"},{"stationid":3915,"stationname":"Regal Square","totaldistance":13,"totaltime":"88"},{"stationid":3925,"stationname":"Gandhi Hall/Palika Plaza_1","totaldistance":13.45,"totaltime":"89"},{"stationid":4137,"stationname":"Ranipura/ Kothari Market_1","totaldistance":13.55,"totaltime":"91"},{"stationid":4233,"stationname":"Riverside_1","totaldistance":13.75,"totaltime":"93"},{"stationid":4191,"stationname":"Shree Krishna Talkies/ Krishnapura Pul_2","totaldistance":13.95,"totaltime":"95"},{"stationid":3945,"stationname":"Rajwada","totaldistance":14.25,"totaltime":"96"},{"stationid":4092,"stationname":"Nagar Nigam Depot_1","totaldistance":14.45,"totaltime":"98"},{"stationid":3943,"stationname":"Rambagh","totaldistance":14.85,"totaltime":"100"},{"stationid":4024,"stationname":"Imli Bazar","totaldistance":15.35,"totaltime":"102"},{"stationid":4190,"stationname":"Sadar Bazar","totaldistance":15.45,"totaltime":"104"},{"stationid":4189,"stationname":"Sadar Bazar Pani Ki Tanki","totaldistance":15.85,"totaltime":"106"},{"stationid":4188,"stationname":"Haji House","totaldistance":16.15,"totaltime":"108"},{"stationid":4083,"stationname":"Marimata Chouraha","totaldistance":16.45,"totaltime":"110"},{"stationid":4187,"stationname":"Kumhar Khadi","totaldistance":16.85,"totaltime":"112"},{"stationid":4186,"stationname":"Vrindavan Colony","totaldistance":17.15,"totaltime":"114"},{"stationid":4185,"stationname":"Banganga","totaldistance":17.65,"totaltime":"116"},{"stationid":4184,"stationname":"Kushwah Nagar Naka / Ujain Naka","totaldistance":17.95,"totaltime":"118"},{"stationid":4183,"stationname":"Kharcha","totaldistance":18.45,"totaltime":"120"},{"stationid":4182,"stationname":"Sukhliya (Ujjain Road)","totaldistance":19.25,"totaltime":"122"},{"stationid":4181,"stationname":"Ganesh Dham","totaldistance":19.75,"totaltime":"124"},{"stationid":4180,"stationname":"Modern Square","totaldistance":20.15,"totaltime":"125"},{"stationid":4179,"stationname":"Mouni Baba Ashram","totaldistance":20.45,"totaltime":"127"},{"stationid":4178,"stationname":"Narval","totaldistance":20.75,"totaltime":"128"},{"stationid":4177,"stationname":"Deepmala Dhaba","totaldistance":21.15,"totaltime":"130"},{"stationid":4176,"stationname":"Indo German","totaldistance":21.65,"totaltime":"131"},{"stationid":4063,"stationname":"Luv Kush / MR 10 SQ","totaldistance":23.15,"totaltime":"133"},{"stationid":3863,"stationname":"Arvindo","totaldistance":24.1,"totaltime":"135"}]