[{"stationid":3863,"stationname":"Arvindo","totaldistance":0,"totaltime":"0"},{"stationid":4063,"stationname":"Luv Kush / MR 10 SQ","totaldistance":1.35,"totaltime":"2"},{"stationid":4176,"stationname":"Indo German","totaldistance":2.85,"totaltime":"4"},{"stationid":4177,"stationname":"Deepmala Dhaba","totaldistance":3.35,"totaltime":"5"},{"stationid":4178,"stationname":"Narval","totaldistance":3.75,"totaltime":"7"},{"stationid":4179,"stationname":"Mouni Baba Ashram","totaldistance":4.05,"totaltime":"8"},{"stationid":4180,"stationname":"Modern Square","totaldistance":4.35,"totaltime":"10"},{"stationid":4181,"stationname":"Ganesh Dham","totaldistance":4.75,"totaltime":"11"},{"stationid":4182,"stationname":"Sukhliya (Ujjain Road)","totaldistance":5.25,"totaltime":"13"},{"stationid":4183,"stationname":"Kharcha","totaldistance":6.05,"totaltime":"15"},{"stationid":4184,"stationname":"Kushwah Nagar Naka / Ujain Naka","totaldistance":6.55,"totaltime":"17"},{"stationid":4185,"stationname":"Banganga","totaldistance":6.85,"totaltime":"19"},{"stationid":4186,"stationname":"Vrindavan Colony","totaldistance":7.35,"totaltime":"21"},{"stationid":4187,"stationname":"Kumhar Khadi","totaldistance":7.65,"totaltime":"23"},{"stationid":4083,"stationname":"Marimata Chouraha","totaldistance":8.05,"totaltime":"25"},{"stationid":4188,"stationname":"Haji House","totaldistance":8.35,"totaltime":"27"},{"stationid":4189,"stationname":"Sadar Bazar Pani Ki Tanki","totaldistance":8.65,"totaltime":"29"},{"stationid":4190,"stationname":"Sadar Bazar","totaldistance":9.05,"totaltime":"31"},{"stationid":4024,"stationname":"Imli Bazar","totaldistance":9.15,"totaltime":"33"},{"stationid":3943,"stationname":"Rambagh","totaldistance":9.65,"totaltime":"35"},{"stationid":4092,"stationname":"Nagar Nigam Depot_1","totaldistance":10.05,"totaltime":"37"},{"stationid":3945,"stationname":"Rajwada","totaldistance":10.25,"totaltime":"39"},{"stationid":4054,"stationname":"Shree Krishna Talkies/ Krishnapura Pul_1","totaldistance":10.55,"totaltime":"40"},{"stationid":4234,"stationname":"Riverside_2","totaldistance":10.75,"totaltime":"42"},{"stationid":4137,"stationname":"Ranipura/ Kothari Market_1","totaldistance":10.95,"totaltime":"44"},{"stationid":3925,"stationname":"Gandhi Hall/Palika Plaza_1","totaldistance":11.05,"totaltime":"46"},{"stationid":3950,"stationname":"Railway Station","totaldistance":11.55,"totaltime":"48"},{"stationid":4144,"stationname":"Chhoti Gwaltoli","totaldistance":12.15,"totaltime":"50"},{"stationid":4071,"stationname":"Madhu Milan","totaldistance":12.45,"totaltime":"52"},{"stationid":4000,"stationname":"Dawa Bazar","totaldistance":12.85,"totaltime":"54"},{"stationid":4068,"stationname":"M.Y. Hospital Gate","totaldistance":13.05,"totaltime":"55"},{"stationid":4064,"stationname":"Nehru Stadium/MY Hospital Bus Std","totaldistance":13.15,"totaltime":"57"},{"stationid":4269,"stationname":"White Church","totaldistance":13.6,"totaltime":"59"},{"stationid":4263,"stationname":"Roberts Nursing Home","totaldistance":13.99,"totaltime":"61"},{"stationid":4262,"stationname":"Agriculture College","totaldistance":14.31,"totaltime":"63"},{"stationid":4261,"stationname":"Pipliyahana Gram","totaldistance":15.31,"totaltime":"66"},{"stationid":4121,"stationname":"Pipliya Hana Square","totaldistance":15.89,"totaltime":"71"},{"stationid":4264,"stationname":"Pink City","totaldistance":16.39,"totaltime":"76"},{"stationid":3968,"stationname":"Shanti Nagar","totaldistance":16.9,"totaltime":"84"},{"stationid":4089,"stationname":"Musakhedi","totaldistance":17.63,"totaltime":"91"},{"stationid":3852,"stationname":"Allahabad Bank/ Krishnapuri Colony","totaldistance":18.12,"totaltime":"96"},{"stationid":3907,"stationname":"Essar Pump/ Pawanpuri Colony","totaldistance":18.77,"totaltime":"100"},{"stationid":3903,"stationname":"Teen Imli","totaldistance":19.42,"totaltime":"106"},{"stationid":4109,"stationname":"Palda Naka","totaldistance":19.99,"totaltime":"108"},{"stationid":4260,"stationname":"Tejaji Chowk","totaldistance":20.77,"totaltime":"113"},{"stationid":4259,"stationname":"Shubh City","totaldistance":21.38,"totaltime":"121"},{"stationid":4258,"stationname":"RTO Office","totaldistance":22.3,"totaltime":"125"},{"stationid":4256,"stationname":"Nayta Mundla","totaldistance":22.88,"totaltime":"128"},{"stationid":4248,"stationname":"Nayta Mundla Bypass","totaldistance":23.6,"totaltime":"132"},{"stationid":4257,"stationname":"Silver City","totaldistance":24.1,"totaltime":"135"}]