[{"stationid":4054,"stationname":"Shree Krishna Talkies/ Krishnapura Pul_1","totaldistance":0,"totaltime":"0"},{"stationid":4137,"stationname":"Ranipura/ Kothari Market_1","totaldistance":1.1,"totaltime":"8"},{"stationid":3915,"stationname":"Regal Square","totaldistance":1.9,"totaltime":"10"},{"stationid":4017,"stationname":"City Centre / High Court_1","totaldistance":2.1,"totaltime":"12"},{"stationid":4058,"stationname":"Lanturn Chouraha","totaldistance":2.5,"totaltime":"13"},{"stationid":4032,"stationname":"Janjir Wala","totaldistance":3.2,"totaltime":"16"},{"stationid":4207,"stationname":"Indraprastha / 56 Dukan","totaldistance":3.45,"totaltime":"16"},{"stationid":18,"stationname":"Industry House Cross Road","totaldistance":3.85,"totaltime":"17"},{"stationid":4108,"stationname":"Palasiya Thana","totaldistance":4.3,"totaltime":"19"},{"stationid":4208,"stationname":"Navneet Tower","totaldistance":4.7,"totaltime":"20"},{"stationid":3856,"stationname":"Anand Nagar","totaldistance":5.3,"totaltime":"24"},{"stationid":3986,"stationname":"Chandralok","totaldistance":5.8,"totaltime":"23"},{"stationid":4050,"stationname":"Khajrana Ring Road 5","totaldistance":6.3,"totaltime":"27"},{"stationid":4046,"stationname":"Khajrana Ganesh Mandir","totaldistance":7.05,"totaltime":"28"},{"stationid":4031,"stationname":"Zam Zam Chouraha","totaldistance":7.4,"totaltime":"30"},{"stationid":4045,"stationname":"Khajrana Dargah","totaldistance":7.9,"totaltime":"35"},{"stationid":4209,"stationname":"Haji Colony","totaldistance":8.7,"totaltime":"38"},{"stationid":4206,"stationname":"Star Square","totaldistance":9.5,"totaltime":"40"}]