[{"stationid":3899,"stationname":"Tejaji Nagar","totaldistance":0,"totaltime":"0"},{"stationid":4042,"stationname":"Kasturba Gram","totaldistance":0.7,"totaltime":"2"},{"stationid":4132,"stationname":"Pushpkunj","totaldistance":1.6,"totaltime":"3"},{"stationid":4070,"stationname":"Machli Farm","totaldistance":2,"totaltime":"4"},{"stationid":4125,"stationname":"Power House_1","totaldistance":2.5,"totaltime":"5"},{"stationid":4061,"stationname":"Limbodi/Ashram","totaldistance":3.5,"totaltime":"7"},{"stationid":4156,"stationname":"Radhaswami","totaldistance":4.1,"totaltime":"9"},{"stationid":3934,"stationname":"Ranjeet Singh College","totaldistance":4.8,"totaltime":"11"},{"stationid":4022,"stationname":"IET/SOPA","totaldistance":5,"totaltime":"13"},{"stationid":4143,"stationname":"Ashram Chauraha/IT Park","totaldistance":5.6,"totaltime":"15"},{"stationid":3980,"stationname":"Tantya Bheel Chouraha (Bhawarkua)","totaldistance":6.5,"totaltime":"19"},{"stationid":4020,"stationname":"Holkar City Bus","totaldistance":7.1,"totaltime":"21"},{"stationid":4098,"stationname":"Navlakha Chouraha","totaldistance":8,"totaltime":"23"},{"stationid":4003,"stationname":"GPO City Bus","totaldistance":9.2,"totaltime":"27"},{"stationid":4064,"stationname":"Nehru Stadium/MY Hospital Bus Std","totaldistance":9.6,"totaltime":"29"},{"stationid":4068,"stationname":"M.Y. Hospital Gate","totaldistance":9.8,"totaltime":"32"},{"stationid":4071,"stationname":"Madhu Milan","totaldistance":10.8,"totaltime":"35"},{"stationid":3950,"stationname":"Railway Station","totaldistance":11.6,"totaltime":"40"},{"stationid":3923,"stationname":"Gandhi Hall/Palika Plaza_2","totaldistance":12.2,"totaltime":"45"},{"stationid":3945,"stationname":"Rajwada","totaldistance":13.4,"totaltime":"50"},{"stationid":4013,"stationname":"Gurudwara","totaldistance":13.7,"totaltime":"52"},{"stationid":4106,"stationname":"Narsingh Bazar","totaldistance":14.2,"totaltime":"56"},{"stationid":4075,"stationname":"Malganj","totaldistance":14.6,"totaltime":"58"},{"stationid":3805,"stationname":"Rajmohalla","totaldistance":15.3,"totaltime":"60"},{"stationid":3862,"stationname":"Antim Chauraha","totaldistance":15.6,"totaltime":"62"},{"stationid":3801,"stationname":"Badaganpati","totaldistance":15.9,"totaltime":"64"},{"stationid":3938,"stationname":"Ramchandra Pump / APTC","totaldistance":16.7,"totaltime":"66"},{"stationid":3891,"stationname":"Tirupati Nagar","totaldistance":17.4,"totaltime":"68"},{"stationid":4037,"stationname":"Kalani Nagar","totaldistance":18.1,"totaltime":"74"},{"stationid":3876,"stationname":"Vidhyadham","totaldistance":18.4,"totaltime":"77"},{"stationid":4110,"stationname":"Panchsheel","totaldistance":19.3,"totaltime":"80"},{"stationid":3850,"stationname":"Airport","totaldistance":19.8,"totaltime":"82"},{"stationid":4226,"stationname":"B C School","totaldistance":21,"totaltime":"84"},{"stationid":3926,"stationname":"Gandhi Nagar","totaldistance":22.7,"totaltime":"89"},{"stationid":4101,"stationname":"Naya Basera","totaldistance":25,"totaltime":"92"},{"stationid":4387,"stationname":"GOMATGIRI TEMPLE","totaldistance":25.6,"totaltime":"95"},{"stationid":4385,"stationname":"Pitra Parvat","totaldistance":26.1,"totaltime":"98"},{"stationid":4384,"stationname":"Budhaniya","totaldistance":28.7,"totaltime":"104"},{"stationid":4250,"stationname":"Hatod","totaldistance":31.7,"totaltime":"110"}]