[{"stationid":38,"stationname":"Rajiv Gandhi","totaldistance":0,"totaltime":"0"},{"stationid":3989,"stationname":"Choithram Mandi Gate","totaldistance":0.8,"totaltime":"10"},{"stationid":4043,"stationname":"Kesharbagh Bridge","totaldistance":1.5,"totaltime":"15"},{"stationid":4138,"stationname":"Chanakyapuri Square_1","totaldistance":2,"totaltime":"18"},{"stationid":4009,"stationname":"Gopur Square","totaldistance":2.9,"totaltime":"22"},{"stationid":4212,"stationname":"Footi Kothi-1","totaldistance":4.7,"totaltime":"25"},{"stationid":4016,"stationname":"Hawa Bangla","totaldistance":6.1,"totaltime":"28"},{"stationid":4213,"stationname":"Footi Kothi-2","totaldistance":7.5,"totaltime":"30"},{"stationid":4210,"stationname":"Venktesh Gate","totaldistance":8.4,"totaltime":"32"},{"stationid":3933,"stationname":"Ranjit Hanuman","totaldistance":9.4,"totaltime":"35"},{"stationid":4055,"stationname":"Kukkut Bhawan","totaldistance":10.4,"totaltime":"37"},{"stationid":3812,"stationname":"Mhow Naka","totaldistance":11.2,"totaltime":"40"}]