[{"stationid":3812,"stationname":"Mhow Naka","totaldistance":0,"totaltime":"0"},{"stationid":4055,"stationname":"Kukkut Bhawan","totaldistance":0.8,"totaltime":"5"},{"stationid":3933,"stationname":"Ranjit Hanuman","totaldistance":1.8,"totaltime":"12"},{"stationid":4210,"stationname":"Venktesh Gate","totaldistance":2.8,"totaltime":"16"},{"stationid":4212,"stationname":"Footi Kothi-1","totaldistance":3.7,"totaltime":"20"},{"stationid":4016,"stationname":"Hawa Bangla","totaldistance":5.1,"totaltime":"23"},{"stationid":4213,"stationname":"Footi Kothi-2","totaldistance":6.5,"totaltime":"24"},{"stationid":4009,"stationname":"Gopur Square","totaldistance":8.3,"totaltime":"28"},{"stationid":4138,"stationname":"Chanakyapuri Square_1","totaldistance":9.2,"totaltime":"32"},{"stationid":4043,"stationname":"Kesharbagh Bridge","totaldistance":9.7,"totaltime":"34"},{"stationid":3989,"stationname":"Choithram Mandi Gate","totaldistance":10.4,"totaltime":"36"},{"stationid":38,"stationname":"Rajiv Gandhi","totaldistance":11.2,"totaltime":"40"}]