[{"stationid":4441,"stationname":"Mangliya Toll Naka","totaldistance":0,"totaltime":"0"},{"stationid":4358,"stationname":"Indian Oil Petrol Pump","totaldistance":0.3,"totaltime":"1"},{"stationid":4357,"stationname":"Mangliya Gao","totaldistance":1.2,"totaltime":"4"},{"stationid":4356,"stationname":"Hanuman Mandir Mangliya","totaldistance":2.5,"totaltime":"8"},{"stationid":4359,"stationname":"Ruchi Soya","totaldistance":3.2,"totaltime":"10"},{"stationid":4355,"stationname":"Talawali Chanda Panchayat","totaldistance":3.6,"totaltime":"11"},{"stationid":4111,"stationname":"Panchwati","totaldistance":4.7,"totaltime":"15"},{"stationid":4354,"stationname":"Tata Tower \u0026 Godown","totaldistance":5,"totaltime":"16"},{"stationid":3978,"stationname":"Sanghi Motors","totaldistance":5.7,"totaltime":"18"},{"stationid":4056,"stationname":"Lasudiya","totaldistance":5.9,"totaltime":"19"},{"stationid":3848,"stationname":"Agrawal Tol Kanta","totaldistance":6.5,"totaltime":"21"},{"stationid":4057,"stationname":"Laxmi Pump","totaldistance":7,"totaltime":"22"},{"stationid":4001,"stationname":"Dewas Naka","totaldistance":7.9,"totaltime":"25"},{"stationid":4227,"stationname":"Nai Sadak","totaldistance":8.1,"totaltime":"26"},{"stationid":5,"stationname":"Scheme No. 78","totaldistance":8.6,"totaltime":"28"},{"stationid":3969,"stationname":"Shalimar Township City Bus","totaldistance":9.4,"totaltime":"30"},{"stationid":4196,"stationname":"Jain Nursery","totaldistance":9.5,"totaltime":"31"},{"stationid":3973,"stationname":"Satya Sai City Bus","totaldistance":9.8,"totaltime":"32"},{"stationid":4150,"stationname":"Vijay Nagar City Bus","totaldistance":9.9,"totaltime":"35"},{"stationid":3972,"stationname":"Sayaji","totaldistance":10.6,"totaltime":"37"},{"stationid":4085,"stationname":"Meghdoot","totaldistance":11.4,"totaltime":"39"},{"stationid":4197,"stationname":"Fortune Hotel","totaldistance":11.9,"totaltime":"40"},{"stationid":3880,"stationname":"Bapat","totaldistance":12.8,"totaltime":"43"},{"stationid":4066,"stationname":"MR 10/ Chandragupt mourya square","totaldistance":14.1,"totaltime":"48"},{"stationid":4011,"stationname":"Gouri Nagar","totaldistance":15.1,"totaltime":"50"},{"stationid":3913,"stationname":"Electronic Complex","totaldistance":15.6,"totaltime":"51"},{"stationid":4352,"stationname":"Kankeshwari Mata Mandir","totaldistance":16.4,"totaltime":"54"},{"stationid":4112,"stationname":"Pardesipura","totaldistance":16.6,"totaltime":"56"},{"stationid":3956,"stationname":"Subhash Nagar_2","totaldistance":17.2,"totaltime":"58"},{"stationid":4351,"stationname":"Mukti Dham","totaldistance":17.6,"totaltime":"60"},{"stationid":3948,"stationname":"Rajkumar Mill1/ Rajkumar Bridge ","totaldistance":18.8,"totaltime":"64"},{"stationid":4332,"stationname":"BAL VINAY MANDIR/ NEHRU PARK RAILWAY STATION","totaldistance":19.2,"totaltime":"66"},{"stationid":4145,"stationname":"Regal (Shastri Bridge)","totaldistance":19.7,"totaltime":"69"},{"stationid":3950,"stationname":"Railway Station","totaldistance":20.2,"totaltime":"72"}]