[{"stationid":3950,"stationname":"Railway Station","totaldistance":0,"totaltime":"0"},{"stationid":4145,"stationname":"Regal (Shastri Bridge)","totaldistance":0.5,"totaltime":"2"},{"stationid":4332,"stationname":"BAL VINAY MANDIR/ NEHRU PARK RAILWAY STATION","totaldistance":1,"totaltime":"6"},{"stationid":3948,"stationname":"Rajkumar Mill1/ Rajkumar Bridge ","totaldistance":1.4,"totaltime":"8"},{"stationid":4351,"stationname":"Mukti Dham","totaldistance":2.6,"totaltime":"12"},{"stationid":3956,"stationname":"Subhash Nagar_2","totaldistance":3,"totaltime":"14"},{"stationid":4112,"stationname":"Pardesipura","totaldistance":3.5,"totaltime":"16"},{"stationid":4352,"stationname":"Kankeshwari Mata Mandir","totaldistance":3.8,"totaltime":"18"},{"stationid":3913,"stationname":"Electronic Complex","totaldistance":4.6,"totaltime":"21"},{"stationid":4011,"stationname":"Gouri Nagar","totaldistance":5,"totaltime":"22"},{"stationid":4066,"stationname":"MR 10/ Chandragupt mourya square","totaldistance":6.1,"totaltime":"24"},{"stationid":3880,"stationname":"Bapat","totaldistance":7.4,"totaltime":"29"},{"stationid":4197,"stationname":"Fortune Hotel","totaldistance":8.3,"totaltime":"32"},{"stationid":4085,"stationname":"Meghdoot","totaldistance":8.8,"totaltime":"33"},{"stationid":3972,"stationname":"Sayaji","totaldistance":9.6,"totaltime":"35"},{"stationid":4150,"stationname":"Vijay Nagar City Bus","totaldistance":10.3,"totaltime":"37"},{"stationid":3973,"stationname":"Satya Sai City Bus","totaldistance":10.4,"totaltime":"40"},{"stationid":4196,"stationname":"Jain Nursery","totaldistance":10.7,"totaltime":"41"},{"stationid":3969,"stationname":"Shalimar Township City Bus","totaldistance":10.8,"totaltime":"42"},{"stationid":5,"stationname":"Scheme No. 78","totaldistance":11.6,"totaltime":"44"},{"stationid":4227,"stationname":"Nai Sadak","totaldistance":12.1,"totaltime":"46"},{"stationid":4001,"stationname":"Dewas Naka","totaldistance":12.3,"totaltime":"47"},{"stationid":4057,"stationname":"Laxmi Pump","totaldistance":13.2,"totaltime":"50"},{"stationid":3848,"stationname":"Agrawal Tol Kanta","totaldistance":13.7,"totaltime":"51"},{"stationid":4056,"stationname":"Lasudiya","totaldistance":14.3,"totaltime":"53"},{"stationid":3978,"stationname":"Sanghi Motors","totaldistance":14.5,"totaltime":"54"},{"stationid":4354,"stationname":"Tata Tower \u0026 Godown","totaldistance":15.2,"totaltime":"56"},{"stationid":4111,"stationname":"Panchwati","totaldistance":15.5,"totaltime":"57"},{"stationid":4355,"stationname":"Talawali Chanda Panchayat","totaldistance":16.6,"totaltime":"61"},{"stationid":4359,"stationname":"Ruchi Soya","totaldistance":17,"totaltime":"62"},{"stationid":4356,"stationname":"Hanuman Mandir Mangliya","totaldistance":17.7,"totaltime":"64"},{"stationid":4357,"stationname":"Mangliya Gao","totaldistance":19,"totaltime":"68"},{"stationid":4358,"stationname":"Indian Oil Petrol Pump","totaldistance":19.9,"totaltime":"71"},{"stationid":4441,"stationname":"Mangliya Toll Naka","totaldistance":20.2,"totaltime":"72"}]