[{"stationid":4316,"stationname":"Reti Mandi Chouraha","totaldistance":0,"totaltime":"0"},{"stationid":4317,"stationname":"D-Mart","totaldistance":0.6,"totaltime":"2"},{"stationid":4318,"stationname":"Krishna Nagar","totaldistance":1.1,"totaltime":"4"},{"stationid":4320,"stationname":"Narmada Chouraha","totaldistance":1.5,"totaltime":"5"},{"stationid":4319,"stationname":"Paraspar Nagar","totaldistance":1.8,"totaltime":"6"},{"stationid":4321,"stationname":"Siddhipuram","totaldistance":2.1,"totaltime":"7"},{"stationid":4322,"stationname":"Greater Vaishali","totaldistance":2.5,"totaltime":"8"},{"stationid":3985,"stationname":"Chanakyapuri Square","totaldistance":3.5,"totaltime":"11"},{"stationid":3858,"stationname":"Annapurna Mandir","totaldistance":4.1,"totaltime":"12"},{"stationid":3884,"stationname":"Usha Nagar","totaldistance":4.9,"totaltime":"14"},{"stationid":4235,"stationname":"Mhow Naka City Bus","totaldistance":5.9,"totaltime":"17"},{"stationid":3833,"stationname":"Lal Baug_1","totaldistance":6.3,"totaltime":"18"},{"stationid":3816,"stationname":"G.D.C College","totaldistance":6.7,"totaltime":"20"},{"stationid":3818,"stationname":"Collectorate","totaldistance":7.1,"totaltime":"21"},{"stationid":4424,"stationname":"PANDHARINATH THANA","totaldistance":7.8,"totaltime":"24"},{"stationid":4013,"stationname":"Gurudwara","totaldistance":8.3,"totaltime":"26"},{"stationid":3945,"stationname":"Rajwada","totaldistance":8.4,"totaltime":"28"},{"stationid":4092,"stationname":"Nagar Nigam Depot_1","totaldistance":9.2,"totaltime":"34"},{"stationid":3987,"stationname":"ChimanBagh","totaldistance":9.7,"totaltime":"36"},{"stationid":3979,"stationname":"Bhandari Mill","totaldistance":10.2,"totaltime":"38"},{"stationid":4093,"stationname":"Naka Bhatta","totaldistance":11.6,"totaltime":"43"},{"stationid":3956,"stationname":"Subhash Nagar_2","totaldistance":12,"totaltime":"46"},{"stationid":4112,"stationname":"Pardesipura","totaldistance":12.3,"totaltime":"49"},{"stationid":3913,"stationname":"Electronic Complex","totaldistance":13.1,"totaltime":"52"},{"stationid":4011,"stationname":"Gouri Nagar","totaldistance":13.6,"totaltime":"54"},{"stationid":3878,"stationname":"Veena nagar","totaldistance":14.3,"totaltime":"56"},{"stationid":4066,"stationname":"MR 10/ Chandragupt mourya square","totaldistance":14.6,"totaltime":"58"},{"stationid":3912,"stationname":"Royal Bungalow","totaldistance":14.7,"totaltime":"59"},{"stationid":3953,"stationname":"Sukhliya","totaldistance":14.9,"totaltime":"60"},{"stationid":4417,"stationname":"HEERA NAGAR THANA","totaldistance":15.2,"totaltime":"61"},{"stationid":3880,"stationname":"Bapat","totaldistance":15.6,"totaltime":"62"},{"stationid":4197,"stationname":"Fortune Hotel","totaldistance":16.3,"totaltime":"64"},{"stationid":4085,"stationname":"Meghdoot","totaldistance":16.6,"totaltime":"66"},{"stationid":3972,"stationname":"Sayaji","totaldistance":16.9,"totaltime":"67"},{"stationid":4150,"stationname":"Vijay Nagar City Bus","totaldistance":17.5,"totaltime":"69"},{"stationid":4198,"stationname":"Mangal City","totaldistance":17.6,"totaltime":"71"},{"stationid":3973,"stationname":"Satya Sai City Bus","totaldistance":17.7,"totaltime":"72"},{"stationid":4196,"stationname":"Jain Nursery","totaldistance":18,"totaltime":"74"},{"stationid":3969,"stationname":"Shalimar Township City Bus","totaldistance":18.1,"totaltime":"75"},{"stationid":5,"stationname":"Scheme No. 78","totaldistance":18.9,"totaltime":"77"},{"stationid":4227,"stationname":"Nai Sadak","totaldistance":19.4,"totaltime":"79"},{"stationid":4001,"stationname":"Dewas Naka","totaldistance":19.6,"totaltime":"80"}]