[{"stationid":3980,"stationname":"Tantya Bheel Chouraha (Bhawarkua)","totaldistance":0,"totaltime":"0"},{"stationid":3999,"stationname":"D A V V","totaldistance":0.4,"totaltime":"1"},{"stationid":4143,"stationname":"Ashram Chauraha/IT Park","totaldistance":0.9,"totaltime":"3"},{"stationid":4022,"stationname":"IET/SOPA","totaldistance":1.5,"totaltime":"5"},{"stationid":3934,"stationname":"Ranjeet Singh College","totaldistance":1.7,"totaltime":"6"},{"stationid":4156,"stationname":"Radhaswami","totaldistance":2.4,"totaltime":"8"},{"stationid":4061,"stationname":"Limbodi/Ashram","totaldistance":3,"totaltime":"9"},{"stationid":4125,"stationname":"Power House_1","totaldistance":4,"totaltime":"12"},{"stationid":4070,"stationname":"Machli Farm","totaldistance":4.5,"totaltime":"14"},{"stationid":4132,"stationname":"Pushpkunj","totaldistance":4.9,"totaltime":"15"},{"stationid":4042,"stationname":"Kasturba Gram","totaldistance":5.8,"totaltime":"18"},{"stationid":3899,"stationname":"Tejaji Nagar","totaldistance":6.5,"totaltime":"20"},{"stationid":4366,"stationname":"Kelod Kartal(Lotus garden)","totaldistance":7.7,"totaltime":"23"},{"stationid":4391,"stationname":"Morod","totaldistance":8.1,"totaltime":"24"},{"stationid":4367,"stationname":"MPPT","totaldistance":8.5,"totaltime":"25"},{"stationid":4392,"stationname":"Chameli Devi Clg","totaldistance":9.4,"totaltime":"27"},{"stationid":4364,"stationname":"Umrikheda","totaldistance":10.4,"totaltime":"30"},{"stationid":4395,"stationname":"Sapera Colony","totaldistance":11,"totaltime":"31"},{"stationid":4394,"stationname":"Swami Vivekanand Clg","totaldistance":12,"totaltime":"33"},{"stationid":4397,"stationname":"9 Mil","totaldistance":13,"totaltime":"35"},{"stationid":4396,"stationname":"Kanad","totaldistance":15,"totaltime":"40"},{"stationid":4393,"stationname":"Shell City","totaldistance":16.3,"totaltime":"43"},{"stationid":4265,"stationname":"Simrol","totaldistance":18.3,"totaltime":"48"},{"stationid":4266,"stationname":"IIT Simrol","totaldistance":21.3,"totaltime":"54"},{"stationid":4433,"stationname":"IIT Simrol Gate No - 2","totaldistance":22,"totaltime":"56"}]