[{"stationid":4001,"stationname":"Dewas Naka","totaldistance":0,"totaltime":"0"},{"stationid":3984,"stationname":"Bombay Hospital","totaldistance":1.9,"totaltime":"8"},{"stationid":4223,"stationname":"Malviya Pump","totaldistance":2.4,"totaltime":"10"},{"stationid":3877,"stationname":"Velocity Talkies","totaldistance":2.7,"totaltime":"11"},{"stationid":4076,"stationname":"Malviya Nagar","totaldistance":3.2,"totaltime":"13"},{"stationid":3991,"stationname":"City Bus Depot","totaldistance":3.6,"totaltime":"14"},{"stationid":4049,"stationname":"Khajrana Ring Road","totaldistance":4.3,"totaltime":"16"},{"stationid":4139,"stationname":"Bangali Ringroad","totaldistance":5.7,"totaltime":"22"},{"stationid":4121,"stationname":"Pipliya Hana Square","totaldistance":7.2,"totaltime":"28"},{"stationid":4089,"stationname":"Musakhedi","totaldistance":9,"totaltime":"36"},{"stationid":3903,"stationname":"Teen Imli","totaldistance":10.6,"totaltime":"43"},{"stationid":3988,"stationname":"Chitawad_1","totaldistance":11,"totaltime":"45"},{"stationid":4143,"stationname":"Ashram Chauraha/IT Park","totaldistance":12.1,"totaltime":"50"},{"stationid":39,"stationname":"Rajiv Gandhi Circle","totaldistance":14.1,"totaltime":"58"},{"stationid":3989,"stationname":"Choithram Mandi Gate","totaldistance":14.6,"totaltime":"60"},{"stationid":4043,"stationname":"Kesharbagh Bridge","totaldistance":15.5,"totaltime":"62"},{"stationid":3985,"stationname":"Chanakyapuri Square","totaldistance":16,"totaltime":"63"},{"stationid":4009,"stationname":"Gopur Square","totaldistance":17,"totaltime":"65"},{"stationid":3917,"stationname":"Footi Kothi","totaldistance":18.3,"totaltime":"67"},{"stationid":1832,"stationname":"Chandan Nagar","totaldistance":20.7,"totaltime":"73"}]