[{"stationid":3950,"stationname":"Railway Station","totaldistance":0,"totaltime":"0"},{"stationid":4247,"stationname":"Sarwate Bus Stand","totaldistance":0.3,"totaltime":"3"},{"stationid":4144,"stationname":"Chhoti Gwaltoli","totaldistance":0.5,"totaltime":"5"},{"stationid":4071,"stationname":"Madhu Milan","totaldistance":0.9,"totaltime":"7"},{"stationid":4000,"stationname":"Dawa Bazar","totaldistance":1.1,"totaltime":"9"},{"stationid":4068,"stationname":"M.Y. Hospital Gate","totaldistance":1.4,"totaltime":"10"},{"stationid":4064,"stationname":"Nehru Stadium/MY Hospital Bus Std","totaldistance":1.6,"totaltime":"11"},{"stationid":25,"stationname":"Shivaji Circle","totaldistance":2.2,"totaltime":"14"},{"stationid":4003,"stationname":"GPO City Bus","totaldistance":2.6,"totaltime":"16"},{"stationid":3871,"stationname":"Zoo","totaldistance":3,"totaltime":"17"},{"stationid":4096,"stationname":"Navlakha Bus Stop City Bus","totaldistance":3.7,"totaltime":"20"},{"stationid":4128,"stationname":"Prakash Nagar_1","totaldistance":4.3,"totaltime":"22"},{"stationid":4173,"stationname":"Chitawad_2","totaldistance":4.7,"totaltime":"24"},{"stationid":3903,"stationname":"Teen Imli","totaldistance":5.2,"totaltime":"29"},{"stationid":4109,"stationname":"Palda Naka","totaldistance":5.8,"totaltime":"31"},{"stationid":4369,"stationname":"Babul Nagar","totaldistance":6.5,"totaltime":"33"},{"stationid":4370,"stationname":"Udhyog Nagar","totaldistance":7.1,"totaltime":"35"},{"stationid":4459,"stationname":"Shiv Nagar","totaldistance":8.7,"totaltime":"39"},{"stationid":4368,"stationname":"Jairam Toll Kanta","totaldistance":8.7,"totaltime":"40"},{"stationid":4267,"stationname":"Lakhani Bypass","totaldistance":9.2,"totaltime":"42"},{"stationid":4371,"stationname":"Trenching Ground Indore","totaldistance":9.7,"totaltime":"44"},{"stationid":4482,"stationname":"Devguradiya","totaldistance":10.7,"totaltime":"47"},{"stationid":4483,"stationname":"Dudhia","totaldistance":11.7,"totaltime":"50"},{"stationid":4484,"stationname":"Khudel","totaldistance":21.1,"totaltime":"76"},{"stationid":4481,"stationname":"Index Medical College","totaldistance":23.9,"totaltime":"82"}]