[{"stationid":3980,"stationname":"Tantya Bheel Chouraha (Bhawarkua)","totaldistance":0,"totaltime":"0"},{"stationid":4020,"stationname":"Holkar City Bus","totaldistance":0.5,"totaltime":"2"},{"stationid":4098,"stationname":"Navlakha Chouraha","totaldistance":1.5,"totaltime":"5"},{"stationid":4128,"stationname":"Prakash Nagar_1","totaldistance":2,"totaltime":"7"},{"stationid":3988,"stationname":"Chitawad_1","totaldistance":3,"totaltime":"10"},{"stationid":3903,"stationname":"Teen Imli","totaldistance":4.5,"totaltime":"13"},{"stationid":4109,"stationname":"Palda Naka","totaldistance":5.5,"totaltime":"14"},{"stationid":3781,"stationname":"Shrinath Colony","totaldistance":5.8,"totaltime":"15"},{"stationid":4369,"stationname":"Babul Nagar","totaldistance":6,"totaltime":"16"},{"stationid":4370,"stationname":"Udhyog Nagar","totaldistance":6.5,"totaltime":"17"},{"stationid":4126,"stationname":"Prabhu Nagar","totaldistance":7,"totaltime":"20"},{"stationid":3967,"stationname":"Shiv City square","totaldistance":8,"totaltime":"22"},{"stationid":4368,"stationname":"Jairam Toll Kanta","totaldistance":8,"totaltime":"23"},{"stationid":4267,"stationname":"Lakhani Bypass","totaldistance":9,"totaltime":"25"},{"stationid":4371,"stationname":"Trenching Ground Indore","totaldistance":11,"totaltime":"30"},{"stationid":4372,"stationname":"Deoguradiya Temple","totaldistance":13,"totaltime":"35"},{"stationid":4373,"stationname":"Sanawadiya","totaldistance":15,"totaltime":"40"},{"stationid":4374,"stationname":"Jamniya Khurd","totaldistance":17,"totaltime":"44"},{"stationid":4375,"stationname":"Rajdhara","totaldistance":19.5,"totaltime":"48"},{"stationid":4268,"stationname":"Ujjaini","totaldistance":21,"totaltime":"52"},{"stationid":4376,"stationname":"Mundla","totaldistance":22,"totaltime":"56"},{"stationid":4377,"stationname":"Pivday","totaldistance":23,"totaltime":"60"},{"stationid":4249,"stationname":"Kampel","totaldistance":24.8,"totaltime":"61"}]