[{"stationid":3980,"stationname":"Tantya Bheel Chouraha (Bhawarkua)","totaldistance":0,"totaltime":"0"},{"stationid":3889,"stationname":"Tower Chouraha_2","totaldistance":1,"totaltime":"3"},{"stationid":3962,"stationname":"Sindhi Colony","totaldistance":1.4,"totaltime":"4"},{"stationid":4028,"stationname":"Jabran Colony/Juni Indore","totaldistance":2.3,"totaltime":"7"},{"stationid":3818,"stationname":"Collectorate","totaldistance":2.8,"totaltime":"9"},{"stationid":3816,"stationname":"G.D.C College","totaldistance":3.3,"totaltime":"10"},{"stationid":3814,"stationname":"Lal Baug_2","totaldistance":3.8,"totaltime":"12"},{"stationid":4235,"stationname":"Mhow Naka City Bus","totaldistance":4,"totaltime":"13"},{"stationid":4065,"stationname":"M.O.G Line","totaldistance":4.5,"totaltime":"15"},{"stationid":3808,"stationname":"Gangwal Bus Stand","totaldistance":5,"totaltime":"17"},{"stationid":3805,"stationname":"Rajmohalla","totaldistance":5.4,"totaltime":"18"},{"stationid":3801,"stationname":"Badaganpati","totaldistance":6,"totaltime":"20"},{"stationid":3938,"stationname":"Ramchandra Pump / APTC","totaldistance":6.8,"totaltime":"22"},{"stationid":1127,"stationname":"Shikshak Nagar","totaldistance":7.6,"totaltime":"26"},{"stationid":4037,"stationname":"Kalani Nagar","totaldistance":7.9,"totaltime":"27"},{"stationid":4110,"stationname":"Panchsheel","totaldistance":9.1,"totaltime":"31"},{"stationid":3850,"stationname":"Airport","totaldistance":9.6,"totaltime":"33"},{"stationid":3983,"stationname":"Bijasan / Bijasan Central School","totaldistance":10.8,"totaltime":"36"},{"stationid":3926,"stationname":"Gandhi Nagar","totaldistance":12.5,"totaltime":"40"},{"stationid":4101,"stationname":"Naya Basera","totaldistance":13.5,"totaltime":"43"},{"stationid":4385,"stationname":"Pitra Parvat","totaldistance":16.3,"totaltime":"51"},{"stationid":4384,"stationname":"Budhaniya","totaldistance":17.4,"totaltime":"55"},{"stationid":4250,"stationname":"Hatod","totaldistance":21.4,"totaltime":"64"}]