[{"stationid":4103,"stationname":"Nipaniya Gram","totaldistance":0,"totaltime":"0"},{"stationid":3912,"stationname":"Royal Bungalow","totaldistance":0.7,"totaltime":"2"},{"stationid":3937,"stationname":"Samar park","totaldistance":1.1,"totaltime":"3"},{"stationid":4195,"stationname":"Apollo DB City","totaldistance":2,"totaltime":"6"},{"stationid":3867,"stationname":"B.C.M. Paradise","totaldistance":2.4,"totaltime":"7"},{"stationid":3886,"stationname":"Tulsi Nagar","totaldistance":2.6,"totaltime":"8"},{"stationid":3952,"stationname":"Sun City","totaldistance":3,"totaltime":"9"},{"stationid":4073,"stationname":"Mahalakshmi Nagar","totaldistance":3.8,"totaltime":"10"},{"stationid":3984,"stationname":"Bombay Hospital","totaldistance":4.3,"totaltime":"12"},{"stationid":3973,"stationname":"Satya Sai City Bus","totaldistance":4.9,"totaltime":"14"},{"stationid":4150,"stationname":"Vijay Nagar City Bus","totaldistance":5.6,"totaltime":"16"},{"stationid":3972,"stationname":"Sayaji","totaldistance":6,"totaltime":"18"},{"stationid":4008,"stationname":"Girdhar Mahal","totaldistance":6.3,"totaltime":"19"},{"stationid":3897,"stationname":"Bhamori","totaldistance":6.8,"totaltime":"21"},{"stationid":3864,"stationname":"Astha Anup/Anup Talkies","totaldistance":7.2,"totaltime":"23"},{"stationid":4114,"stationname":"Patnipura","totaldistance":7.8,"totaltime":"26"},{"stationid":3870,"stationname":"Bakery Gali","totaldistance":8.3,"totaltime":"29"},{"stationid":4078,"stationname":"Malwa Mill","totaldistance":8.7,"totaltime":"32"},{"stationid":3936,"stationname":"Rani Sati Gate","totaldistance":9.3,"totaltime":"34"},{"stationid":3922,"stationname":"G.S.I.T.S.","totaldistance":9.7,"totaltime":"35"},{"stationid":4058,"stationname":"Lanturn Chouraha","totaldistance":9.9,"totaltime":"37"},{"stationid":4017,"stationname":"City Centre / High Court_1","totaldistance":10.1,"totaltime":"39"},{"stationid":3915,"stationname":"Regal Square","totaldistance":10.4,"totaltime":"41"},{"stationid":3925,"stationname":"Gandhi Hall/Palika Plaza_1","totaldistance":11.1,"totaltime":"43"},{"stationid":4137,"stationname":"Ranipura/ Kothari Market_1","totaldistance":11.3,"totaltime":"44"},{"stationid":4233,"stationname":"Riverside_1","totaldistance":11.6,"totaltime":"45"},{"stationid":3976,"stationname":"Sanjay Setu_1","totaldistance":11.9,"totaltime":"47"},{"stationid":3945,"stationname":"Rajwada","totaldistance":12.4,"totaltime":"50"}]