[{"stationid":4235,"stationname":"Mhow Naka City Bus","totaldistance":0,"totaltime":"0"},{"stationid":4075,"stationname":"Malganj","totaldistance":1,"totaltime":"5"},{"stationid":3945,"stationname":"Rajwada","totaldistance":2,"totaltime":"10"},{"stationid":3925,"stationname":"Gandhi Hall/Palika Plaza_1","totaldistance":4,"totaltime":"25"},{"stationid":4158,"stationname":"M.Y. Std / MY Chauraha/White Church/Dental Clg","totaldistance":8,"totaltime":"45"},{"stationid":4261,"stationname":"Pipliyahana Gram","totaldistance":9,"totaltime":"50"},{"stationid":3872,"stationname":"Bangali Colony","totaldistance":10,"totaltime":"55"},{"stationid":4252,"stationname":"Bicholi Hapsi","totaldistance":15,"totaltime":"60"}]