[{"stationid":3863,"stationname":"Arvindo","totaldistance":0,"totaltime":"0"},{"stationid":4036,"stationname":"Kankad","totaldistance":3,"totaltime":"7"},{"stationid":4066,"stationname":"MR 10/ Chandragupt mourya square","totaldistance":5.3,"totaltime":"11"},{"stationid":3953,"stationname":"Sukhliya","totaldistance":6.2,"totaltime":"14"},{"stationid":3880,"stationname":"Bapat","totaldistance":7.1,"totaltime":"15"},{"stationid":4085,"stationname":"Meghdoot","totaldistance":8.6,"totaltime":"20"},{"stationid":3972,"stationname":"Sayaji","totaldistance":9.1,"totaltime":"21"},{"stationid":4150,"stationname":"Vijay Nagar City Bus","totaldistance":9.9,"totaltime":"23"},{"stationid":3973,"stationname":"Satya Sai City Bus","totaldistance":10.2,"totaltime":"25"},{"stationid":3984,"stationname":"Bombay Hospital","totaldistance":11,"totaltime":"27"},{"stationid":3877,"stationname":"Velocity Talkies","totaldistance":12,"totaltime":"29"},{"stationid":4076,"stationname":"Malviya Nagar","totaldistance":12.7,"totaltime":"31"},{"stationid":4049,"stationname":"Khajrana Ring Road","totaldistance":13.6,"totaltime":"33"},{"stationid":4139,"stationname":"Bangali Ringroad","totaldistance":14.5,"totaltime":"36"},{"stationid":4121,"stationname":"Pipliya Hana Square","totaldistance":15.6,"totaltime":"39"},{"stationid":3968,"stationname":"Shanti Nagar","totaldistance":16.6,"totaltime":"42"},{"stationid":4089,"stationname":"Musakhedi","totaldistance":17.4,"totaltime":"45"},{"stationid":3903,"stationname":"Teen Imli","totaldistance":18.8,"totaltime":"48"},{"stationid":3988,"stationname":"Chitawad_1","totaldistance":19.6,"totaltime":"51"},{"stationid":4143,"stationname":"Ashram Chauraha/IT Park","totaldistance":20.5,"totaltime":"54"},{"stationid":3999,"stationname":"D A V V","totaldistance":21.6,"totaltime":"56"},{"stationid":3980,"stationname":"Tantya Bheel Chouraha (Bhawarkua)","totaldistance":21.7,"totaltime":"58"},{"stationid":3982,"stationname":"Bholaram/Deendayal Upadhyay Garden","totaldistance":22.6,"totaltime":"61"},{"stationid":3828,"stationname":"Choithram Mandi","totaldistance":23.6,"totaltime":"65"},{"stationid":3827,"stationname":"Choithram Hospital","totaldistance":24.2,"totaltime":"67"},{"stationid":3826,"stationname":"Saifi Nagar","totaldistance":25.2,"totaltime":"71"},{"stationid":3820,"stationname":"Palsikar","totaldistance":26.4,"totaltime":"75"},{"stationid":3818,"stationname":"Collectorate","totaldistance":26.7,"totaltime":"76"},{"stationid":3816,"stationname":"G.D.C College","totaldistance":27.1,"totaltime":"77"},{"stationid":4235,"stationname":"Mhow Naka City Bus","totaldistance":28,"totaltime":"80"}]