[{"stationid":4450,"stationname":"Tigariya Badshah","totaldistance":0,"totaltime":"0"},{"stationid":3874,"stationname":"Vikas Pradhikaran","totaldistance":1.3,"totaltime":"5"},{"stationid":3971,"stationname":"Sch. No. 51","totaldistance":2.1,"totaltime":"9"},{"stationid":3941,"stationname":"Rambali Nagar","totaldistance":2.5,"totaltime":"11"},{"stationid":4074,"stationname":"Mahesh Guard Line/Police Line Pump","totaldistance":3.1,"totaltime":"14"},{"stationid":4083,"stationname":"Marimata Chouraha","totaldistance":3.6,"totaltime":"17"},{"stationid":4123,"stationname":"Polo Ground","totaldistance":3.9,"totaltime":"19"},{"stationid":3849,"stationname":"Ahilya Ashram","totaldistance":4.8,"totaltime":"21"},{"stationid":4062,"stationname":"Lokhande Bridge","totaldistance":5.1,"totaltime":"22"},{"stationid":4092,"stationname":"Nagar Nigam Depot_1","totaldistance":5.8,"totaltime":"24"},{"stationid":4054,"stationname":"Shree Krishna Talkies/ Krishnapura Pul_1","totaldistance":6.9,"totaltime":"31"},{"stationid":4137,"stationname":"Ranipura/ Kothari Market_1","totaldistance":7.7,"totaltime":"33"},{"stationid":3915,"stationname":"Regal Square","totaldistance":8.6,"totaltime":"38"},{"stationid":4071,"stationname":"Madhu Milan","totaldistance":9.2,"totaltime":"41"},{"stationid":4000,"stationname":"Dawa Bazar","totaldistance":9.4,"totaltime":"43"},{"stationid":4068,"stationname":"M.Y. Hospital Gate","totaldistance":9.7,"totaltime":"44"},{"stationid":4269,"stationname":"White Church","totaldistance":10.3,"totaltime":"47"},{"stationid":4121,"stationname":"Pipliya Hana Square","totaldistance":12.6,"totaltime":"55"},{"stationid":4449,"stationname":"Agrawal Public School","totaldistance":13.9,"totaltime":"61"},{"stationid":4448,"stationname":"Bypass","totaldistance":14.9,"totaltime":"65"},{"stationid":4447,"stationname":"Bicholi Mardana","totaldistance":16.2,"totaltime":"71"},{"stationid":4460,"stationname":"Kalindi","totaldistance":17.8,"totaltime":"76"},{"stationid":4444,"stationname":"Shree Vinayak Colony","totaldistance":18.5,"totaltime":"78"},{"stationid":4451,"stationname":"Shivalik Parisar","totaldistance":20.2,"totaltime":"84"}]