[{"stationid":3758,"stationname":"Chhota Bangarda","totaldistance":0,"totaltime":"0"},{"stationid":3790,"stationname":"Laxmibai Mandi","totaldistance":3,"totaltime":"20"},{"stationid":4092,"stationname":"Nagar Nigam Depot_1","totaldistance":6,"totaltime":"35"},{"stationid":3915,"stationname":"Regal Square","totaldistance":8,"totaltime":"45"},{"stationid":4071,"stationname":"Madhu Milan","totaldistance":9,"totaltime":"50"},{"stationid":4158,"stationname":"M.Y. Std / MY Chauraha/White Church/Dental Clg","totaldistance":10,"totaltime":"60"}]