[{"stationid":4175,"stationname":"Bangali Ringroad - 1","totaldistance":0,"totaltime":"0"},{"stationid":4135,"stationname":"Telephone Nagar","totaldistance":1,"totaltime":"10"},{"stationid":3896,"stationname":"Tilak Nagar","totaldistance":2,"totaltime":"60"},{"stationid":4118,"stationname":"Patrakar Chouraha","totaldistance":3,"totaltime":"25"},{"stationid":4006,"stationname":"Gayatri Mandir","totaldistance":4,"totaltime":"40"},{"stationid":3868,"stationname":"Badwani Plaza","totaldistance":5,"totaltime":"50"},{"stationid":21,"stationname":"Palasiya Chouraha","totaldistance":6,"totaltime":"75"},{"stationid":4025,"stationname":"Indraprastha Tower","totaldistance":7,"totaltime":"30"},{"stationid":3905,"stationname":"T.I.","totaldistance":7.5,"totaltime":"31"},{"stationid":4214,"stationname":"Nath Mandir","totaldistance":8,"totaltime":"32"},{"stationid":4017,"stationname":"City Centre / High Court_1","totaldistance":9,"totaltime":"34"},{"stationid":3915,"stationname":"Regal Square","totaldistance":9.5,"totaltime":"36"},{"stationid":3923,"stationname":"Gandhi Hall/Palika Plaza_2","totaldistance":10,"totaltime":"38"},{"stationid":4174,"stationname":"Ranipura/ Kothari Market_2","totaldistance":10.2,"totaltime":"40"},{"stationid":3976,"stationname":"Sanjay Setu_1","totaldistance":10.6,"totaltime":"42"},{"stationid":3945,"stationname":"Rajwada","totaldistance":11,"totaltime":"45"},{"stationid":4013,"stationname":"Gurudwara","totaldistance":11.3,"totaltime":"47"},{"stationid":4106,"stationname":"Narsingh Bazar","totaldistance":11.5,"totaltime":"42"},{"stationid":4075,"stationname":"Malganj","totaldistance":11.8,"totaltime":"50"},{"stationid":3805,"stationname":"Rajmohalla","totaldistance":12,"totaltime":"51"},{"stationid":3803,"stationname":"Antim Square","totaldistance":12.2,"totaltime":"53"},{"stationid":3801,"stationname":"Badaganpati","totaldistance":12.5,"totaltime":"55"},{"stationid":3938,"stationname":"Ramchandra Pump / APTC","totaldistance":12.8,"totaltime":"58"},{"stationid":3891,"stationname":"Tirupati Nagar","totaldistance":13,"totaltime":"60"},{"stationid":1127,"stationname":"Shikshak Nagar","totaldistance":13.3,"totaltime":"63"},{"stationid":4037,"stationname":"Kalani Nagar","totaldistance":13.5,"totaltime":"65"},{"stationid":3876,"stationname":"Vidhyadham","totaldistance":13.8,"totaltime":"68"},{"stationid":4110,"stationname":"Panchsheel","totaldistance":14.1,"totaltime":"70"},{"stationid":3850,"stationname":"Airport","totaldistance":14.2,"totaltime":"75"},{"stationid":3983,"stationname":"Bijasan / Bijasan Central School","totaldistance":14.3,"totaltime":"80"},{"stationid":3926,"stationname":"Gandhi Nagar","totaldistance":14.5,"totaltime":"90"}]