[{"stationid":4248,"stationname":"Nayta Mundla Bypass","totaldistance":0,"totaltime":"0"},{"stationid":4258,"stationname":"RTO Office","totaldistance":2,"totaltime":"10"},{"stationid":4109,"stationname":"Palda Naka","totaldistance":4,"totaltime":"20"},{"stationid":4089,"stationname":"Musakhedi","totaldistance":6,"totaltime":"35"},{"stationid":4121,"stationname":"Pipliya Hana Square","totaldistance":8,"totaltime":"45"},{"stationid":4158,"stationname":"M.Y. Std / MY Chauraha/White Church/Dental Clg","totaldistance":11,"totaltime":"65"},{"stationid":4071,"stationname":"Madhu Milan","totaldistance":12,"totaltime":"70"},{"stationid":3925,"stationname":"Gandhi Hall/Palika Plaza_1","totaldistance":13,"totaltime":"75"},{"stationid":3945,"stationname":"Rajwada","totaldistance":14,"totaltime":"60"}]