[{"stationid":3863,"stationname":"Arvindo","totaldistance":0,"totaltime":"0"},{"stationid":4063,"stationname":"Luv Kush / MR 10 SQ","totaldistance":0.5,"totaltime":"2"},{"stationid":4036,"stationname":"Kankad","totaldistance":1.2,"totaltime":"4"},{"stationid":4225,"stationname":"M R-10 Toll Plaza","totaldistance":2.1,"totaltime":"6"},{"stationid":4066,"stationname":"MR 10/ Chandragupt mourya square","totaldistance":3,"totaltime":"7"},{"stationid":3878,"stationname":"Veena nagar","totaldistance":3.5,"totaltime":"8"},{"stationid":4011,"stationname":"Gouri Nagar","totaldistance":4,"totaltime":"10"},{"stationid":3913,"stationname":"Electronic Complex","totaldistance":4.5,"totaltime":"12"},{"stationid":4112,"stationname":"Pardesipura","totaldistance":5,"totaltime":"14"},{"stationid":3956,"stationname":"Subhash Nagar_2","totaldistance":5.4,"totaltime":"15"},{"stationid":4093,"stationname":"Naka Bhatta","totaldistance":5.7,"totaltime":"16"},{"stationid":4153,"stationname":"Pardeshipura Thana","totaldistance":6.1,"totaltime":"18"},{"stationid":3979,"stationname":"Bhandari Mill","totaldistance":7,"totaltime":"20"},{"stationid":3908,"stationname":"DRP Line","totaldistance":7.3,"totaltime":"21"},{"stationid":3987,"stationname":"ChimanBagh","totaldistance":7.8,"totaltime":"23"},{"stationid":4092,"stationname":"Nagar Nigam Depot_1","totaldistance":8.4,"totaltime":"25"},{"stationid":3945,"stationname":"Rajwada","totaldistance":9.2,"totaltime":"28"},{"stationid":4013,"stationname":"Gurudwara","totaldistance":9.4,"totaltime":"30"},{"stationid":4193,"stationname":"Shri Pandharinath Mandir_1","totaldistance":10,"totaltime":"32"},{"stationid":3818,"stationname":"Collectorate","totaldistance":10.7,"totaltime":"35"},{"stationid":3820,"stationname":"Palsikar","totaldistance":11.5,"totaltime":"38"},{"stationid":3822,"stationname":"Prem Nagar","totaldistance":12.5,"totaltime":"41"},{"stationid":3824,"stationname":"Manik Baug","totaldistance":13.2,"totaltime":"44"},{"stationid":3826,"stationname":"Saifi Nagar","totaldistance":15,"totaltime":"48"},{"stationid":3827,"stationname":"Choithram Hospital","totaldistance":16,"totaltime":"50"},{"stationid":3989,"stationname":"Choithram Mandi Gate","totaldistance":16.5,"totaltime":"51"},{"stationid":4043,"stationname":"Kesharbagh Bridge","totaldistance":17.5,"totaltime":"54"},{"stationid":4361,"stationname":"Chameli Devi School","totaldistance":18.5,"totaltime":"58"},{"stationid":3770,"stationname":"Bijalpur","totaldistance":19.2,"totaltime":"60"},{"stationid":3774,"stationname":"Rajendra Nagar","totaldistance":20,"totaltime":"62"},{"stationid":3785,"stationname":"IPS","totaldistance":20.5,"totaltime":"64"},{"stationid":3960,"stationname":"Silicon City Gate","totaldistance":21,"totaltime":"65"},{"stationid":4386,"stationname":"Akashwani Kendra","totaldistance":21.5,"totaltime":"66"},{"stationid":3780,"stationname":"Shramik Colony/Jivan Jyoti","totaldistance":21.8,"totaltime":"67"},{"stationid":3773,"stationname":"Rau Bus Stand","totaldistance":22.5,"totaltime":"69"},{"stationid":3769,"stationname":"Mama ji Dhaba","totaldistance":23,"totaltime":"70"},{"stationid":3766,"stationname":"Rau Bypass","totaldistance":24,"totaltime":"74"},{"stationid":3796,"stationname":"Hardia Hospital","totaldistance":24.5,"totaltime":"76"},{"stationid":3800,"stationname":"Medicaps","totaldistance":26,"totaltime":"80"}]