[{"stationid":3945,"stationname":"Rajwada","totaldistance":0,"totaltime":"0"},{"stationid":3976,"stationname":"Sanjay Setu_1","totaldistance":1,"totaltime":"2"},{"stationid":4233,"stationname":"Riverside_1","totaldistance":2,"totaltime":"6"},{"stationid":4174,"stationname":"Ranipura/ Kothari Market_2","totaldistance":2.5,"totaltime":"4"},{"stationid":3923,"stationname":"Gandhi Hall/Palika Plaza_2","totaldistance":3,"totaltime":"6"},{"stationid":3950,"stationname":"Railway Station","totaldistance":4,"totaltime":"16"},{"stationid":4144,"stationname":"Chhoti Gwaltoli","totaldistance":4.2,"totaltime":"18"},{"stationid":4071,"stationname":"Madhu Milan","totaldistance":4.5,"totaltime":"19"},{"stationid":23,"stationname":"Geeta Bhawan Cross Road","totaldistance":4.8,"totaltime":"21"},{"stationid":4025,"stationname":"Indraprastha Tower","totaldistance":5,"totaltime":"23"},{"stationid":4032,"stationname":"Janjir Wala","totaldistance":5.5,"totaltime":"25"},{"stationid":4078,"stationname":"Malwa Mill","totaldistance":6,"totaltime":"27"},{"stationid":3870,"stationname":"Bakery Gali","totaldistance":6.5,"totaltime":"28"},{"stationid":4114,"stationname":"Patnipura","totaldistance":7,"totaltime":"30"},{"stationid":4088,"stationname":"MIG Thana","totaldistance":7.5,"totaltime":"32"},{"stationid":4060,"stationname":"LIG","totaldistance":8,"totaltime":"33"},{"stationid":4047,"stationname":"Khajrana Ring Road 1","totaldistance":9,"totaltime":"34"},{"stationid":4076,"stationname":"Malviya Nagar","totaldistance":9.5,"totaltime":"38"},{"stationid":4254,"stationname":"Mahak Vatika","totaldistance":10.2,"totaltime":"40"}]