[{"stationid":4343,"stationname":"Sewa Kunj","totaldistance":0,"totaltime":"0"},{"stationid":4255,"stationname":"Kanadiya Gram","totaldistance":0.9,"totaltime":"1"},{"stationid":4348,"stationname":"Nav Factory","totaldistance":1.7,"totaltime":"2"},{"stationid":4349,"stationname":"Nirmal Dham","totaldistance":2,"totaltime":"4"},{"stationid":4344,"stationname":"Karuna Sagar","totaldistance":2.8,"totaltime":"6"},{"stationid":4345,"stationname":"Spring Valley School","totaldistance":3.8,"totaltime":"8"},{"stationid":4346,"stationname":"Kanadiya Thana","totaldistance":4.3,"totaltime":"10"},{"stationid":4081,"stationname":"Manavata ByPass","totaldistance":4.7,"totaltime":"15"},{"stationid":4082,"stationname":"Manavata Nagar","totaldistance":5.2,"totaltime":"18"},{"stationid":3995,"stationname":"Diamond Colony","totaldistance":5.8,"totaltime":"21"},{"stationid":3911,"stationname":"Sanchar Nagar","totaldistance":6.3,"totaltime":"23"},{"stationid":3885,"stationname":"Vaibhav Nagar","totaldistance":6.5,"totaltime":"25"},{"stationid":3964,"stationname":"Shivshakti Nagar","totaldistance":7,"totaltime":"26"},{"stationid":3872,"stationname":"Bangali Colony","totaldistance":7.3,"totaltime":"28"},{"stationid":4139,"stationname":"Bangali Ringroad","totaldistance":7.6,"totaltime":"29"},{"stationid":4014,"stationname":"Hanuman Mandir","totaldistance":8.4,"totaltime":"31"},{"stationid":4121,"stationname":"Pipliya Hana Square","totaldistance":9.1,"totaltime":"33"},{"stationid":3968,"stationname":"Shanti Nagar","totaldistance":10,"totaltime":"35"},{"stationid":4089,"stationname":"Musakhedi","totaldistance":11,"totaltime":"37"},{"stationid":3852,"stationname":"Allahabad Bank/ Krishnapuri Colony","totaldistance":11.6,"totaltime":"39"},{"stationid":3907,"stationname":"Essar Pump/ Pawanpuri Colony","totaldistance":12.1,"totaltime":"41"},{"stationid":3903,"stationname":"Teen Imli","totaldistance":12.5,"totaltime":"43"},{"stationid":3988,"stationname":"Chitawad_1","totaldistance":12.9,"totaltime":"45"},{"stationid":4224,"stationname":"Pharmacy","totaldistance":13.3,"totaltime":"47"},{"stationid":4143,"stationname":"Ashram Chauraha/IT Park","totaldistance":14,"totaltime":"48"},{"stationid":3999,"stationname":"D A V V","totaldistance":14.7,"totaltime":"50"},{"stationid":3980,"stationname":"Tantya Bheel Chouraha (Bhawarkua)","totaldistance":15.1,"totaltime":"52"},{"stationid":3889,"stationname":"Tower Chouraha_2","totaldistance":15.6,"totaltime":"54"},{"stationid":3962,"stationname":"Sindhi Colony","totaldistance":16.1,"totaltime":"56"},{"stationid":4028,"stationname":"Jabran Colony/Juni Indore","totaldistance":16.5,"totaltime":"57"},{"stationid":3820,"stationname":"Palsikar","totaldistance":17.4,"totaltime":"58"},{"stationid":3816,"stationname":"G.D.C College","totaldistance":18.4,"totaltime":"59"},{"stationid":3833,"stationname":"Lal Baug_1","totaldistance":18.9,"totaltime":"60"},{"stationid":4086,"stationname":"Mhow Naka","totaldistance":19.1,"totaltime":"61"},{"stationid":4065,"stationname":"M.O.G Line","totaldistance":19.6,"totaltime":"62"},{"stationid":3808,"stationname":"Gangwal Bus Stand","totaldistance":20.1,"totaltime":"63"},{"stationid":3805,"stationname":"Rajmohalla","totaldistance":20.5,"totaltime":"64"},{"stationid":3862,"stationname":"Antim Chauraha","totaldistance":20.8,"totaltime":"65"},{"stationid":3801,"stationname":"Badaganpati","totaldistance":21.1,"totaltime":"65"},{"stationid":3938,"stationname":"Ramchandra Pump / APTC","totaldistance":21.8,"totaltime":"77"},{"stationid":1127,"stationname":"Shikshak Nagar","totaldistance":22.6,"totaltime":"79"},{"stationid":4037,"stationname":"Kalani Nagar","totaldistance":22.9,"totaltime":"80"},{"stationid":3876,"stationname":"Vidhyadham","totaldistance":23.3,"totaltime":"82"},{"stationid":4110,"stationname":"Panchsheel","totaldistance":24,"totaltime":"84"},{"stationid":3850,"stationname":"Airport","totaldistance":25,"totaltime":"85"},{"stationid":3983,"stationname":"Bijasan / Bijasan Central School","totaldistance":25.8,"totaltime":"87"},{"stationid":3926,"stationname":"Gandhi Nagar","totaldistance":27.1,"totaltime":"100"}]