[{"stationid":3903,"stationname":"Teen Imli","totaldistance":0,"totaltime":"0"},{"stationid":3988,"stationname":"Chitawad_1","totaldistance":0.3,"totaltime":"2"},{"stationid":4128,"stationname":"Prakash Nagar_1","totaldistance":0.9,"totaltime":"4"},{"stationid":4098,"stationname":"Navlakha Chouraha","totaldistance":1.2,"totaltime":"6"},{"stationid":30,"stationname":"Indira Pratima","totaldistance":1.9,"totaltime":"9"},{"stationid":4003,"stationname":"GPO City Bus","totaldistance":2.5,"totaltime":"12"},{"stationid":4158,"stationname":"M.Y. Std / MY Chauraha/White Church/Dental Clg","totaldistance":3.2,"totaltime":"15"},{"stationid":4064,"stationname":"Nehru Stadium/MY Hospital Bus Std","totaldistance":3.7,"totaltime":"17"},{"stationid":4000,"stationname":"Dawa Bazar","totaldistance":3.8,"totaltime":"18"},{"stationid":4071,"stationname":"Madhu Milan","totaldistance":4.1,"totaltime":"19"},{"stationid":4247,"stationname":"Sarwate Bus Stand","totaldistance":4.2,"totaltime":"20"},{"stationid":3950,"stationname":"Railway Station","totaldistance":4.5,"totaltime":"25"},{"stationid":4341,"stationname":"Yashwant Plaza","totaldistance":4.9,"totaltime":"27"},{"stationid":3915,"stationname":"Regal Square","totaldistance":5.3,"totaltime":"29"},{"stationid":3923,"stationname":"Gandhi Hall/Palika Plaza_2","totaldistance":6,"totaltime":"31"},{"stationid":4174,"stationname":"Ranipura/ Kothari Market_2","totaldistance":6.2,"totaltime":"33"},{"stationid":4054,"stationname":"Shree Krishna Talkies/ Krishnapura Pul_1","totaldistance":6.6,"totaltime":"35"},{"stationid":4092,"stationname":"Nagar Nigam Depot_1","totaldistance":7,"totaltime":"37"},{"stationid":3943,"stationname":"Rambagh","totaldistance":7.2,"totaltime":"39"},{"stationid":4024,"stationname":"Imli Bazar","totaldistance":7.5,"totaltime":"41"},{"stationid":3958,"stationname":"Smrati Talkies","totaldistance":7.7,"totaltime":"43"},{"stationid":4142,"stationname":"Badwali Chouki","totaldistance":7.8,"totaltime":"44"},{"stationid":4192,"stationname":"Chouthi Paltan","totaldistance":8.1,"totaltime":"46"},{"stationid":3793,"stationname":"Jinsi Square","totaldistance":8.3,"totaltime":"48"},{"stationid":3794,"stationname":"Kandilpura","totaldistance":8.6,"totaltime":"50"},{"stationid":4347,"stationname":"Janta Colony","totaldistance":8.9,"totaltime":"52"},{"stationid":3801,"stationname":"Badaganpati","totaldistance":9.3,"totaltime":"55"},{"stationid":3862,"stationname":"Antim Chauraha","totaldistance":9.7,"totaltime":"57"},{"stationid":3805,"stationname":"Rajmohalla","totaldistance":10,"totaltime":"59"},{"stationid":3808,"stationname":"Gangwal Bus Stand","totaldistance":10.3,"totaltime":"64"},{"stationid":3894,"stationname":"Timber Market","totaldistance":10.9,"totaltime":"66"},{"stationid":4034,"stationname":"Jila Hospital","totaldistance":11.5,"totaltime":"68"},{"stationid":4194,"stationname":"Chandan Nagar","totaldistance":12.1,"totaltime":"71"},{"stationid":3961,"stationname":"Sirpur","totaldistance":12.5,"totaltime":"74"},{"stationid":4105,"stationname":"Noorani Nagar","totaldistance":13.4,"totaltime":"76"},{"stationid":4232,"stationname":"Baank","totaldistance":14.1,"totaltime":"78"},{"stationid":3846,"stationname":"Abhinandan Pump","totaldistance":14.9,"totaltime":"81"},{"stationid":3875,"stationname":"Vidhyanjali School","totaldistance":15.4,"totaltime":"83"},{"stationid":4033,"stationname":"Jawahar Tekri","totaldistance":15.9,"totaltime":"85"}]