[{"stationid":4257,"stationname":"Silver City","totaldistance":0,"totaltime":"0"},{"stationid":4256,"stationname":"Nayta Mundla","totaldistance":0.4,"totaltime":"3"},{"stationid":4258,"stationname":"RTO Office","totaldistance":0.7,"totaltime":"7"},{"stationid":4109,"stationname":"Palda Naka","totaldistance":1.1,"totaltime":"11"},{"stationid":3903,"stationname":"Teen Imli","totaldistance":1.5,"totaltime":"16"},{"stationid":4089,"stationname":"Musakhedi","totaldistance":1.9,"totaltime":"20"},{"stationid":4121,"stationname":"Pipliya Hana Square","totaldistance":2.3,"totaltime":"23"},{"stationid":4261,"stationname":"Pipliyahana Gram","totaldistance":3,"totaltime":"30"},{"stationid":4262,"stationname":"Agriculture College","totaldistance":3.3,"totaltime":"27"},{"stationid":4263,"stationname":"Roberts Nursing Home","totaldistance":3.7,"totaltime":"29"},{"stationid":4269,"stationname":"White Church","totaldistance":4,"totaltime":"31"},{"stationid":4158,"stationname":"M.Y. Std / MY Chauraha/White Church/Dental Clg","totaldistance":4.5,"totaltime":"33"},{"stationid":4068,"stationname":"M.Y. Hospital Gate","totaldistance":4.6,"totaltime":"35"},{"stationid":4000,"stationname":"Dawa Bazar","totaldistance":4.8,"totaltime":"36"},{"stationid":4071,"stationname":"Madhu Milan","totaldistance":5.2,"totaltime":"38"},{"stationid":4144,"stationname":"Chhoti Gwaltoli","totaldistance":5.5,"totaltime":"40"},{"stationid":3950,"stationname":"Railway Station","totaldistance":6,"totaltime":"42"},{"stationid":3915,"stationname":"Regal Square","totaldistance":6.1,"totaltime":"42"},{"stationid":3923,"stationname":"Gandhi Hall/Palika Plaza_2","totaldistance":6.2,"totaltime":"44"},{"stationid":4174,"stationname":"Ranipura/ Kothari Market_2","totaldistance":6.3,"totaltime":"47"},{"stationid":4233,"stationname":"Riverside_1","totaldistance":6.4,"totaltime":"49"},{"stationid":4191,"stationname":"Shree Krishna Talkies/ Krishnapura Pul_2","totaldistance":6.6,"totaltime":"52"},{"stationid":3945,"stationname":"Rajwada","totaldistance":6.9,"totaltime":"56"},{"stationid":4092,"stationname":"Nagar Nigam Depot_1","totaldistance":7.1,"totaltime":"61"},{"stationid":3943,"stationname":"Rambagh","totaldistance":7.5,"totaltime":"63"},{"stationid":4024,"stationname":"Imli Bazar","totaldistance":8,"totaltime":"65"},{"stationid":4190,"stationname":"Sadar Bazar","totaldistance":8.1,"totaltime":"67"},{"stationid":4189,"stationname":"Sadar Bazar Pani Ki Tanki","totaldistance":8.5,"totaltime":"69"},{"stationid":4188,"stationname":"Haji House","totaldistance":8.8,"totaltime":"71"},{"stationid":4083,"stationname":"Marimata Chouraha","totaldistance":9.1,"totaltime":"73"},{"stationid":4187,"stationname":"Kumhar Khadi","totaldistance":9.5,"totaltime":"75"},{"stationid":4186,"stationname":"Vrindavan Colony","totaldistance":9.8,"totaltime":"77"},{"stationid":4185,"stationname":"Banganga","totaldistance":10.3,"totaltime":"79"},{"stationid":4184,"stationname":"Kushwah Nagar Naka / Ujain Naka","totaldistance":10.6,"totaltime":"81"},{"stationid":4183,"stationname":"Kharcha","totaldistance":11.1,"totaltime":"83"},{"stationid":4182,"stationname":"Sukhliya (Ujjain Road)","totaldistance":11.9,"totaltime":"85"},{"stationid":4181,"stationname":"Ganesh Dham","totaldistance":12.4,"totaltime":"87"},{"stationid":4180,"stationname":"Modern Square","totaldistance":12.8,"totaltime":"88"},{"stationid":4179,"stationname":"Mouni Baba Ashram","totaldistance":13.1,"totaltime":"90"},{"stationid":4178,"stationname":"Narval","totaldistance":13.4,"totaltime":"91"},{"stationid":4177,"stationname":"Deepmala Dhaba","totaldistance":13.8,"totaltime":"93"},{"stationid":4176,"stationname":"Indo German","totaldistance":14.3,"totaltime":"94"},{"stationid":4063,"stationname":"Luv Kush / MR 10 SQ","totaldistance":15.8,"totaltime":"96"},{"stationid":4229,"stationname":"Luv Kush Supermarket","totaldistance":16.3,"totaltime":"98"},{"stationid":3863,"stationname":"Arvindo","totaldistance":17.6,"totaltime":"100"}]