[{"stationid":3863,"stationname":"Arvindo","totaldistance":0,"totaltime":"0"},{"stationid":4063,"stationname":"Luv Kush / MR 10 SQ","totaldistance":1.85,"totaltime":"4"},{"stationid":4176,"stationname":"Indo German","totaldistance":3.35,"totaltime":"6"},{"stationid":4177,"stationname":"Deepmala Dhaba","totaldistance":3.85,"totaltime":"7"},{"stationid":4178,"stationname":"Narval","totaldistance":4.25,"totaltime":"9"},{"stationid":4179,"stationname":"Mouni Baba Ashram","totaldistance":4.55,"totaltime":"10"},{"stationid":4180,"stationname":"Modern Square","totaldistance":4.85,"totaltime":"12"},{"stationid":4181,"stationname":"Ganesh Dham","totaldistance":5.25,"totaltime":"13"},{"stationid":4182,"stationname":"Sukhliya (Ujjain Road)","totaldistance":5.75,"totaltime":"15"},{"stationid":4183,"stationname":"Kharcha","totaldistance":6.55,"totaltime":"17"},{"stationid":4184,"stationname":"Kushwah Nagar Naka / Ujain Naka","totaldistance":7.05,"totaltime":"19"},{"stationid":4185,"stationname":"Banganga","totaldistance":7.35,"totaltime":"21"},{"stationid":4186,"stationname":"Vrindavan Colony","totaldistance":7.85,"totaltime":"23"},{"stationid":4187,"stationname":"Kumhar Khadi","totaldistance":8.15,"totaltime":"25"},{"stationid":4083,"stationname":"Marimata Chouraha","totaldistance":8.55,"totaltime":"27"},{"stationid":4188,"stationname":"Haji House","totaldistance":8.85,"totaltime":"29"},{"stationid":4189,"stationname":"Sadar Bazar Pani Ki Tanki","totaldistance":9.15,"totaltime":"31"},{"stationid":4190,"stationname":"Sadar Bazar","totaldistance":9.55,"totaltime":"33"},{"stationid":4024,"stationname":"Imli Bazar","totaldistance":9.65,"totaltime":"35"},{"stationid":3943,"stationname":"Rambagh","totaldistance":10.15,"totaltime":"37"},{"stationid":4092,"stationname":"Nagar Nigam Depot_1","totaldistance":10.55,"totaltime":"39"},{"stationid":3945,"stationname":"Rajwada","totaldistance":10.75,"totaltime":"44"},{"stationid":4054,"stationname":"Shree Krishna Talkies/ Krishnapura Pul_1","totaldistance":11.05,"totaltime":"48"},{"stationid":4137,"stationname":"Ranipura/ Kothari Market_1","totaldistance":11.2,"totaltime":"53"},{"stationid":3925,"stationname":"Gandhi Hall/Palika Plaza_1","totaldistance":11.4,"totaltime":"55"},{"stationid":3915,"stationname":"Regal Square","totaldistance":11.5,"totaltime":"56"},{"stationid":3950,"stationname":"Railway Station","totaldistance":11.55,"totaltime":"58"},{"stationid":4144,"stationname":"Chhoti Gwaltoli","totaldistance":12.15,"totaltime":"60"},{"stationid":4071,"stationname":"Madhu Milan","totaldistance":12.45,"totaltime":"62"},{"stationid":4000,"stationname":"Dawa Bazar","totaldistance":12.85,"totaltime":"64"},{"stationid":4068,"stationname":"M.Y. Hospital Gate","totaldistance":13.05,"totaltime":"65"},{"stationid":4158,"stationname":"M.Y. Std / MY Chauraha/White Church/Dental Clg","totaldistance":13.15,"totaltime":"67"},{"stationid":4269,"stationname":"White Church","totaldistance":13.6,"totaltime":"69"},{"stationid":4263,"stationname":"Roberts Nursing Home","totaldistance":13.99,"totaltime":"71"},{"stationid":4262,"stationname":"Agriculture College","totaldistance":14.31,"totaltime":"73"},{"stationid":4261,"stationname":"Pipliyahana Gram","totaldistance":15,"totaltime":"75"},{"stationid":4121,"stationname":"Pipliya Hana Square","totaldistance":15.89,"totaltime":"77"},{"stationid":3968,"stationname":"Shanti Nagar","totaldistance":16,"totaltime":"78"},{"stationid":4089,"stationname":"Musakhedi","totaldistance":16.3,"totaltime":"80"},{"stationid":3852,"stationname":"Allahabad Bank/ Krishnapuri Colony","totaldistance":16.5,"totaltime":"82"},{"stationid":3903,"stationname":"Teen Imli","totaldistance":16.7,"totaltime":"84"},{"stationid":4109,"stationname":"Palda Naka","totaldistance":17.1,"totaltime":"89"},{"stationid":4258,"stationname":"RTO Office","totaldistance":17.5,"totaltime":"93"},{"stationid":4256,"stationname":"Nayta Mundla","totaldistance":17.8,"totaltime":"97"},{"stationid":4257,"stationname":"Silver City","totaldistance":18.2,"totaltime":"100"}]