[{"stationid":21,"stationname":"Palasiya Chouraha","totaldistance":0,"totaltime":"0"},{"stationid":4025,"stationname":"Indraprastha Tower","totaldistance":0.3,"totaltime":"1"},{"stationid":3905,"stationname":"T.I.","totaldistance":0.7,"totaltime":"2"},{"stationid":4017,"stationname":"City Centre / High Court_1","totaldistance":1.4,"totaltime":"5"},{"stationid":3915,"stationname":"Regal Square","totaldistance":1.7,"totaltime":"7"},{"stationid":3923,"stationname":"Gandhi Hall/Palika Plaza_2","totaldistance":2.1,"totaltime":"10"},{"stationid":4174,"stationname":"Ranipura/ Kothari Market_2","totaldistance":2.4,"totaltime":"12"},{"stationid":3976,"stationname":"Sanjay Setu_1","totaldistance":2.9,"totaltime":"14"},{"stationid":3945,"stationname":"Rajwada","totaldistance":3.3,"totaltime":"16"}]