[{"stationid":3945,"stationname":"Rajwada","totaldistance":0,"totaltime":"0"},{"stationid":4205,"stationname":"Sanjay Setu_2","totaldistance":0.4,"totaltime":"2"},{"stationid":4137,"stationname":"Ranipura/ Kothari Market_1","totaldistance":0.6,"totaltime":"4"},{"stationid":3925,"stationname":"Gandhi Hall/Palika Plaza_1","totaldistance":0.9,"totaltime":"6"},{"stationid":3915,"stationname":"Regal Square","totaldistance":1.3,"totaltime":"9"},{"stationid":4017,"stationname":"City Centre / High Court_1","totaldistance":1.8,"totaltime":"11"},{"stationid":3905,"stationname":"T.I.","totaldistance":2.6,"totaltime":"14"},{"stationid":4025,"stationname":"Indraprastha Tower","totaldistance":3,"totaltime":"15"},{"stationid":21,"stationname":"Palasiya Chouraha","totaldistance":3.3,"totaltime":"16"}]