[{"stationid":3903,"stationname":"Teen Imli","totaldistance":0,"totaltime":"0"},{"stationid":4173,"stationname":"Chitawad_2","totaldistance":0.5,"totaltime":"3"},{"stationid":4127,"stationname":"Prakash Nagar_2","totaldistance":0.7,"totaltime":"4"},{"stationid":4098,"stationname":"Navlakha Chouraha","totaldistance":1.2,"totaltime":"5"},{"stationid":4096,"stationname":"Navlakha Bus Stop City Bus","totaldistance":1.5,"totaltime":"6"},{"stationid":4314,"stationname":"Agrasen Chauraha","totaldistance":1.9,"totaltime":"8"},{"stationid":4315,"stationname":"Sapna Sangeeta","totaldistance":2.7,"totaltime":"9"},{"stationid":3889,"stationname":"Tower Chouraha_2","totaldistance":2.9,"totaltime":"11"},{"stationid":3962,"stationname":"Sindhi Colony","totaldistance":3.3,"totaltime":"14"},{"stationid":4028,"stationname":"Jabran Colony/Juni Indore","totaldistance":4.2,"totaltime":"16"},{"stationid":3818,"stationname":"Collectorate","totaldistance":4.7,"totaltime":"18"},{"stationid":3816,"stationname":"G.D.C College","totaldistance":5.2,"totaltime":"20"},{"stationid":3833,"stationname":"Lal Baug_1","totaldistance":5.7,"totaltime":"22"},{"stationid":4235,"stationname":"Mhow Naka City Bus","totaldistance":6,"totaltime":"23"},{"stationid":3884,"stationname":"Usha Nagar","totaldistance":6.3,"totaltime":"24"},{"stationid":3879,"stationname":"Bank Colony","totaldistance":6.6,"totaltime":"27"},{"stationid":3858,"stationname":"Annapurna Mandir","totaldistance":7.6,"totaltime":"28"},{"stationid":3859,"stationname":"Annapurna Nagar","totaldistance":7.9,"totaltime":"30"},{"stationid":4138,"stationname":"Chanakyapuri Square_1","totaldistance":8.3,"totaltime":"32"},{"stationid":3881,"stationname":"Vaishali Nagar","totaldistance":8.5,"totaltime":"34"},{"stationid":3949,"stationname":"Rajendra Nagar Square","totaldistance":10,"totaltime":"39"},{"stationid":3998,"stationname":"Dutt Mandir","totaldistance":10.5,"totaltime":"40"},{"stationid":3788,"stationname":"Gamla Pulia","totaldistance":12.4,"totaltime":"46"},{"stationid":3785,"stationname":"IPS","totaldistance":12.6,"totaltime":"47"},{"stationid":3960,"stationname":"Silicon City Gate","totaldistance":13,"totaltime":"53"},{"stationid":3966,"stationname":"Shiv City Gate","totaldistance":13.6,"totaltime":"55"},{"stationid":3783,"stationname":"Silicon City","totaldistance":14,"totaltime":"58"}]