[{"stationid":3783,"stationname":"Silicon City","totaldistance":0,"totaltime":"0"},{"stationid":3966,"stationname":"Shiv City Gate","totaldistance":0.4,"totaltime":"6"},{"stationid":3960,"stationname":"Silicon City Gate","totaldistance":1,"totaltime":"7"},{"stationid":3785,"stationname":"IPS","totaldistance":1.4,"totaltime":"14"},{"stationid":3788,"stationname":"Gamla Pulia","totaldistance":1.6,"totaltime":"15"},{"stationid":4316,"stationname":"Reti Mandi Chouraha","totaldistance":2.6,"totaltime":"18"},{"stationid":3998,"stationname":"Dutt Mandir","totaldistance":3.5,"totaltime":"21"},{"stationid":3949,"stationname":"Rajendra Nagar Square","totaldistance":4,"totaltime":"22"},{"stationid":3881,"stationname":"Vaishali Nagar","totaldistance":5.5,"totaltime":"27"},{"stationid":4138,"stationname":"Chanakyapuri Square_1","totaldistance":5.7,"totaltime":"28"},{"stationid":3859,"stationname":"Annapurna Nagar","totaldistance":6.1,"totaltime":"30"},{"stationid":3858,"stationname":"Annapurna Mandir","totaldistance":6.4,"totaltime":"32"},{"stationid":3879,"stationname":"Bank Colony","totaldistance":7.4,"totaltime":"34"},{"stationid":3884,"stationname":"Usha Nagar","totaldistance":7.7,"totaltime":"35"},{"stationid":4235,"stationname":"Mhow Naka City Bus","totaldistance":8,"totaltime":"38"},{"stationid":3833,"stationname":"Lal Baug_1","totaldistance":8.3,"totaltime":"39"},{"stationid":3816,"stationname":"G.D.C College","totaldistance":8.8,"totaltime":"40"},{"stationid":3818,"stationname":"Collectorate","totaldistance":9.3,"totaltime":"42"},{"stationid":4028,"stationname":"Jabran Colony/Juni Indore","totaldistance":9.8,"totaltime":"44"},{"stationid":3962,"stationname":"Sindhi Colony","totaldistance":10.7,"totaltime":"46"},{"stationid":3890,"stationname":"Tower Chouraha_1","totaldistance":11.1,"totaltime":"48"},{"stationid":4315,"stationname":"Sapna Sangeeta","totaldistance":11.3,"totaltime":"51"},{"stationid":4314,"stationname":"Agrasen Chauraha","totaldistance":12.1,"totaltime":"53"},{"stationid":4096,"stationname":"Navlakha Bus Stop City Bus","totaldistance":12.5,"totaltime":"52"},{"stationid":4098,"stationname":"Navlakha Chouraha","totaldistance":12.8,"totaltime":"54"},{"stationid":4173,"stationname":"Chitawad_2","totaldistance":13.5,"totaltime":"57"},{"stationid":3903,"stationname":"Teen Imli","totaldistance":14,"totaltime":"58"}]