[{"stationid":4385,"stationname":"Pitra Parvat","totaldistance":0,"totaltime":"0"},{"stationid":4010,"stationname":"GOMATGIRI CHOURAHA","totaldistance":1.1,"totaltime":"4"},{"stationid":4101,"stationname":"Naya Basera","totaldistance":1.4,"totaltime":"5"},{"stationid":3926,"stationname":"Gandhi Nagar","totaldistance":2.7,"totaltime":"8"},{"stationid":3850,"stationname":"Airport","totaldistance":5.6,"totaltime":"15"},{"stationid":4329,"stationname":"Airport Gate","totaldistance":5.8,"totaltime":"16"},{"stationid":4330,"stationname":"Ramkrishna Hospital","totaldistance":6,"totaltime":"17"},{"stationid":4110,"stationname":"Panchsheel","totaldistance":6.1,"totaltime":"18"},{"stationid":3851,"stationname":"Airport Thana Stop","totaldistance":6.3,"totaltime":"19"},{"stationid":4210,"stationname":"Venktesh Gate","totaldistance":7.2,"totaltime":"21"},{"stationid":4037,"stationname":"Kalani Nagar","totaldistance":7.3,"totaltime":"22"},{"stationid":1127,"stationname":"Shikshak Nagar","totaldistance":7.6,"totaltime":"23"},{"stationid":4331,"stationname":"Patel Nagar","totaldistance":8,"totaltime":"24"},{"stationid":3938,"stationname":"Ramchandra Pump / APTC","totaldistance":8.7,"totaltime":"26"},{"stationid":3801,"stationname":"Badaganpati","totaldistance":9.5,"totaltime":"28"},{"stationid":3862,"stationname":"Antim Chauraha","totaldistance":9.8,"totaltime":"32"},{"stationid":3805,"stationname":"Rajmohalla","totaldistance":10.1,"totaltime":"33"},{"stationid":3808,"stationname":"Gangwal Bus Stand","totaldistance":10.3,"totaltime":"34"},{"stationid":4065,"stationname":"M.O.G Line","totaldistance":10.8,"totaltime":"36"},{"stationid":4086,"stationname":"Mhow Naka","totaldistance":11.4,"totaltime":"38"},{"stationid":3884,"stationname":"Usha Nagar","totaldistance":11.7,"totaltime":"42"},{"stationid":3933,"stationname":"Ranjit Hanuman","totaldistance":12.3,"totaltime":"44"},{"stationid":4012,"stationname":"Gumasta Nagar/Arihant Hospital","totaldistance":12.6,"totaltime":"45"},{"stationid":3917,"stationname":"Footi Kothi","totaldistance":13.3,"totaltime":"47"},{"stationid":4200,"stationname":"Sai Dwar","totaldistance":14.3,"totaltime":"50"},{"stationid":4328,"stationname":"Dwarkapuri","totaldistance":14.6,"totaltime":"51"},{"stationid":4016,"stationname":"Hawa Bangla","totaldistance":14.8,"totaltime":"52"},{"stationid":4218,"stationname":"Suryadev Nagar","totaldistance":15.6,"totaltime":"55"},{"stationid":4327,"stationname":"CAT","totaldistance":16.5,"totaltime":"58"}]