[{"stationid":4016,"stationname":"Hawa Bangla","totaldistance":0,"totaltime":"0"},{"stationid":3917,"stationname":"Footi Kothi","totaldistance":1.2,"totaltime":"5"},{"stationid":4012,"stationname":"Gumasta Nagar/Arihant Hospital","totaldistance":1.8,"totaltime":"7"},{"stationid":3933,"stationname":"Ranjit Hanuman","totaldistance":2.3,"totaltime":"8"},{"stationid":4235,"stationname":"Mhow Naka City Bus","totaldistance":3.2,"totaltime":"12"},{"stationid":3808,"stationname":"Gangwal Bus Stand","totaldistance":4.1,"totaltime":"16"},{"stationid":3805,"stationname":"Rajmohalla","totaldistance":4.4,"totaltime":"17"},{"stationid":3803,"stationname":"Antim Square","totaldistance":4.7,"totaltime":"18"},{"stationid":3801,"stationname":"Badaganpati","totaldistance":5.03,"totaltime":"20"},{"stationid":3794,"stationname":"Kandilpura","totaldistance":5.3,"totaltime":"21"},{"stationid":3793,"stationname":"Jinsi Square","totaldistance":5.6,"totaltime":"22"},{"stationid":4192,"stationname":"Chouthi Paltan","totaldistance":5.8,"totaltime":"23"},{"stationid":4142,"stationname":"Badwali Chouki","totaldistance":6.04,"totaltime":"24"},{"stationid":3958,"stationname":"Smrati Talkies","totaldistance":6.2,"totaltime":"25"},{"stationid":4024,"stationname":"Imli Bazar","totaldistance":6.4,"totaltime":"27"},{"stationid":4305,"stationname":"Ram Bagh","totaldistance":6.8,"totaltime":"28"},{"stationid":4092,"stationname":"Nagar Nigam Depot_1","totaldistance":6.9,"totaltime":"30"},{"stationid":4191,"stationname":"Shree Krishna Talkies/ Krishnapura Pul_2","totaldistance":7.3,"totaltime":"31"},{"stationid":4137,"stationname":"Ranipura/ Kothari Market_1","totaldistance":7.7,"totaltime":"34"},{"stationid":3925,"stationname":"Gandhi Hall/Palika Plaza_1","totaldistance":8,"totaltime":"35"},{"stationid":3915,"stationname":"Regal Square","totaldistance":8.5,"totaltime":"38"},{"stationid":4017,"stationname":"City Centre / High Court_1","totaldistance":8.9,"totaltime":"39"},{"stationid":4025,"stationname":"Indraprastha Tower","totaldistance":9.8,"totaltime":"42"},{"stationid":4107,"stationname":"Palasiya 56 Shop","totaldistance":10.07,"totaltime":"44"},{"stationid":3868,"stationname":"Badwani Plaza","totaldistance":10.4,"totaltime":"46"},{"stationid":4006,"stationname":"Gayatri Mandir","totaldistance":10.8,"totaltime":"47"},{"stationid":4118,"stationname":"Patrakar Chouraha","totaldistance":11.12,"totaltime":"48"},{"stationid":4139,"stationname":"Bangali Ringroad","totaldistance":12.2,"totaltime":"54"},{"stationid":4084,"stationname":"Mayur Hospital","totaldistance":12.7,"totaltime":"56"},{"stationid":4049,"stationname":"Khajrana Ring Road","totaldistance":13.6,"totaltime":"58"},{"stationid":4337,"stationname":"Siddhivinayak hospital","totaldistance":14.1,"totaltime":"59"},{"stationid":4046,"stationname":"Khajrana Ganesh Mandir","totaldistance":14.42,"totaltime":"60"}]