[{"stationid":4016,"stationname":"Hawa Bangla","totaldistance":0,"totaltime":"0"},{"stationid":3917,"stationname":"Footi Kothi","totaldistance":1.3,"totaltime":"2"},{"stationid":4012,"stationname":"Gumasta Nagar/Arihant Hospital","totaldistance":1.9,"totaltime":"4"},{"stationid":3933,"stationname":"Ranjit Hanuman","totaldistance":2.3,"totaltime":"5"},{"stationid":4235,"stationname":"Mhow Naka City Bus","totaldistance":3.3,"totaltime":"10"},{"stationid":4338,"stationname":"Biyabani","totaldistance":4.3,"totaltime":"13"},{"stationid":4075,"stationname":"Malganj","totaldistance":4.5,"totaltime":"15"},{"stationid":3805,"stationname":"Rajmohalla","totaldistance":5,"totaltime":"18"},{"stationid":3801,"stationname":"Badaganpati","totaldistance":5.7,"totaltime":"20"},{"stationid":3793,"stationname":"Jinsi Square","totaldistance":6.3,"totaltime":"23"},{"stationid":3829,"stationname":"Kila Maidan/Laxmi Bai Pratima","totaldistance":6.6,"totaltime":"26"},{"stationid":4074,"stationname":"Mahesh Guard Line/Police Line Pump","totaldistance":7.3,"totaltime":"30"},{"stationid":4083,"stationname":"Marimata Chouraha","totaldistance":7.7,"totaltime":"32"},{"stationid":4187,"stationname":"Kumhar Khadi","totaldistance":8.4,"totaltime":"38"},{"stationid":4325,"stationname":"Baneshwari Kund","totaldistance":9.3,"totaltime":"43"},{"stationid":4182,"stationname":"Sukhliya (Ujjain Road)","totaldistance":10.6,"totaltime":"47"},{"stationid":4180,"stationname":"Modern Square","totaldistance":11.3,"totaltime":"49"},{"stationid":4177,"stationname":"Deepmala Dhaba","totaldistance":12.7,"totaltime":"53"},{"stationid":4176,"stationname":"Indo German","totaldistance":13.1,"totaltime":"55"},{"stationid":4063,"stationname":"Luv Kush / MR 10 SQ","totaldistance":14.2,"totaltime":"59"},{"stationid":3863,"stationname":"Arvindo","totaldistance":15.1,"totaltime":"62"},{"stationid":4499,"stationname":"Rewati Range","totaldistance":16.3,"totaltime":"67"},{"stationid":4500,"stationname":"Toll Naka Ujjain Road","totaldistance":17.3,"totaltime":"71"},{"stationid":4498,"stationname":"Vaishnav College","totaldistance":18.2,"totaltime":"74"}]