[{"stationid":4001,"stationname":"Dewas Naka","totaldistance":0,"totaltime":"0"},{"stationid":4227,"stationname":"Nai Sadak","totaldistance":0.2,"totaltime":"1"},{"stationid":5,"stationname":"Scheme No. 78","totaldistance":0.7,"totaltime":"2"},{"stationid":3969,"stationname":"Shalimar Township City Bus","totaldistance":1.5,"totaltime":"4"},{"stationid":4196,"stationname":"Jain Nursery","totaldistance":1.6,"totaltime":"5"},{"stationid":3973,"stationname":"Satya Sai City Bus","totaldistance":1.7,"totaltime":"7"},{"stationid":4198,"stationname":"Mangal City","totaldistance":1.8,"totaltime":"8"},{"stationid":4150,"stationname":"Vijay Nagar City Bus","totaldistance":1.9,"totaltime":"11"},{"stationid":3972,"stationname":"Sayaji","totaldistance":2.5,"totaltime":"14"},{"stationid":4085,"stationname":"Meghdoot","totaldistance":2.7,"totaltime":"15"},{"stationid":4197,"stationname":"Fortune Hotel","totaldistance":3,"totaltime":"16"},{"stationid":3880,"stationname":"Bapat","totaldistance":3.7,"totaltime":"18"},{"stationid":4417,"stationname":"HEERA NAGAR THANA","totaldistance":4.1,"totaltime":"20"},{"stationid":3953,"stationname":"Sukhliya","totaldistance":4.4,"totaltime":"21"},{"stationid":3912,"stationname":"Royal Bungalow","totaldistance":4.7,"totaltime":"22"},{"stationid":4066,"stationname":"MR 10/ Chandragupt mourya square","totaldistance":5,"totaltime":"23"},{"stationid":3878,"stationname":"Veena nagar","totaldistance":5.3,"totaltime":"25"},{"stationid":4011,"stationname":"Gouri Nagar","totaldistance":6,"totaltime":"27"},{"stationid":3913,"stationname":"Electronic Complex","totaldistance":6.5,"totaltime":"29"},{"stationid":4112,"stationname":"Pardesipura","totaldistance":7.3,"totaltime":"32"},{"stationid":3956,"stationname":"Subhash Nagar_2","totaldistance":7.6,"totaltime":"35"},{"stationid":4093,"stationname":"Naka Bhatta","totaldistance":7.9,"totaltime":"38"},{"stationid":3979,"stationname":"Bhandari Mill","totaldistance":9.3,"totaltime":"43"},{"stationid":3987,"stationname":"ChimanBagh","totaldistance":9.8,"totaltime":"45"},{"stationid":4092,"stationname":"Nagar Nigam Depot_1","totaldistance":10.3,"totaltime":"47"},{"stationid":3945,"stationname":"Rajwada","totaldistance":11.1,"totaltime":"53"},{"stationid":4013,"stationname":"Gurudwara","totaldistance":11.2,"totaltime":"55"},{"stationid":4424,"stationname":"PANDHARINATH THANA","totaldistance":11.7,"totaltime":"57"},{"stationid":3818,"stationname":"Collectorate","totaldistance":12.4,"totaltime":"60"},{"stationid":3816,"stationname":"G.D.C College","totaldistance":12.8,"totaltime":"61"},{"stationid":3833,"stationname":"Lal Baug_1","totaldistance":13.2,"totaltime":"62"},{"stationid":4235,"stationname":"Mhow Naka City Bus","totaldistance":13.6,"totaltime":"64"},{"stationid":3884,"stationname":"Usha Nagar","totaldistance":14.6,"totaltime":"67"},{"stationid":3858,"stationname":"Annapurna Mandir","totaldistance":15.4,"totaltime":"69"},{"stationid":3985,"stationname":"Chanakyapuri Square","totaldistance":16,"totaltime":"70"},{"stationid":4322,"stationname":"Greater Vaishali","totaldistance":17,"totaltime":"73"},{"stationid":4321,"stationname":"Siddhipuram","totaldistance":17.4,"totaltime":"74"},{"stationid":4319,"stationname":"Paraspar Nagar","totaldistance":17.7,"totaltime":"75"},{"stationid":4320,"stationname":"Narmada Chouraha","totaldistance":18,"totaltime":"76"},{"stationid":4318,"stationname":"Krishna Nagar","totaldistance":18.4,"totaltime":"77"},{"stationid":4317,"stationname":"D-Mart","totaldistance":18.9,"totaltime":"79"},{"stationid":4316,"stationname":"Reti Mandi Chouraha","totaldistance":19.6,"totaltime":"80"}]