[{"stationid":4498,"stationname":"Vaishnav College","totaldistance":0,"totaltime":"0"},{"stationid":4500,"stationname":"Toll Naka Ujjain Road","totaldistance":0.9,"totaltime":"3"},{"stationid":4499,"stationname":"Rewati Range","totaldistance":1.9,"totaltime":"7"},{"stationid":3863,"stationname":"Arvindo","totaldistance":3.1,"totaltime":"12"},{"stationid":4063,"stationname":"Luv Kush / MR 10 SQ","totaldistance":4,"totaltime":"15"},{"stationid":4176,"stationname":"Indo German","totaldistance":5.1,"totaltime":"19"},{"stationid":4177,"stationname":"Deepmala Dhaba","totaldistance":5.5,"totaltime":"21"},{"stationid":4180,"stationname":"Modern Square","totaldistance":6.9,"totaltime":"25"},{"stationid":4182,"stationname":"Sukhliya (Ujjain Road)","totaldistance":7.5,"totaltime":"27"},{"stationid":4325,"stationname":"Baneshwari Kund","totaldistance":8.8,"totaltime":"31"},{"stationid":4187,"stationname":"Kumhar Khadi","totaldistance":9.9,"totaltime":"35"},{"stationid":4083,"stationname":"Marimata Chouraha","totaldistance":10.4,"totaltime":"37"},{"stationid":4074,"stationname":"Mahesh Guard Line/Police Line Pump","totaldistance":10.7,"totaltime":"38"},{"stationid":3829,"stationname":"Kila Maidan/Laxmi Bai Pratima","totaldistance":11.5,"totaltime":"40"},{"stationid":3793,"stationname":"Jinsi Square","totaldistance":11.9,"totaltime":"42"},{"stationid":3801,"stationname":"Badaganpati","totaldistance":12.5,"totaltime":"45"},{"stationid":3805,"stationname":"Rajmohalla","totaldistance":13.1,"totaltime":"49"},{"stationid":4075,"stationname":"Malganj","totaldistance":13.6,"totaltime":"53"},{"stationid":4338,"stationname":"Biyabani","totaldistance":13.8,"totaltime":"55"},{"stationid":4086,"stationname":"Mhow Naka","totaldistance":14.9,"totaltime":"59"},{"stationid":3933,"stationname":"Ranjit Hanuman","totaldistance":15.8,"totaltime":"63"},{"stationid":4012,"stationname":"Gumasta Nagar/Arihant Hospital","totaldistance":16.2,"totaltime":"65"},{"stationid":3917,"stationname":"Footi Kothi","totaldistance":16.9,"totaltime":"67"},{"stationid":4016,"stationname":"Hawa Bangla","totaldistance":18.2,"totaltime":"74"}]