[{"stationid":4327,"stationname":"CAT","totaldistance":0,"totaltime":"0"},{"stationid":4216,"stationname":"Suryadev Nagar","totaldistance":0.9,"totaltime":"3"},{"stationid":4016,"stationname":"Hawa Bangla","totaldistance":1.7,"totaltime":"6"},{"stationid":4328,"stationname":"Dwarkapuri","totaldistance":1.9,"totaltime":"7"},{"stationid":4200,"stationname":"Sai Dwar","totaldistance":2.2,"totaltime":"8"},{"stationid":3917,"stationname":"Footi Kothi","totaldistance":3.2,"totaltime":"11"},{"stationid":4012,"stationname":"Gumasta Nagar/Arihant Hospital","totaldistance":3.9,"totaltime":"13"},{"stationid":3933,"stationname":"Ranjit Hanuman","totaldistance":4.2,"totaltime":"14"},{"stationid":3884,"stationname":"Usha Nagar","totaldistance":4.8,"totaltime":"16"},{"stationid":4086,"stationname":"Mhow Naka","totaldistance":5.1,"totaltime":"20"},{"stationid":4065,"stationname":"M.O.G Line","totaldistance":5.7,"totaltime":"22"},{"stationid":3808,"stationname":"Gangwal Bus Stand","totaldistance":6.2,"totaltime":"24"},{"stationid":3805,"stationname":"Rajmohalla","totaldistance":6.4,"totaltime":"25"},{"stationid":3862,"stationname":"Antim Chauraha","totaldistance":6.7,"totaltime":"26"},{"stationid":3801,"stationname":"Badaganpati","totaldistance":7,"totaltime":"30"},{"stationid":3938,"stationname":"Ramchandra Pump / APTC","totaldistance":7.8,"totaltime":"32"},{"stationid":4331,"stationname":"Patel Nagar","totaldistance":8.4,"totaltime":"34"},{"stationid":1127,"stationname":"Shikshak Nagar","totaldistance":8.5,"totaltime":"35"},{"stationid":4037,"stationname":"Kalani Nagar","totaldistance":8.7,"totaltime":"36"},{"stationid":4210,"stationname":"Venktesh Gate","totaldistance":8.8,"totaltime":"37"},{"stationid":3851,"stationname":"Airport Thana Stop","totaldistance":9.7,"totaltime":"39"},{"stationid":4110,"stationname":"Panchsheel","totaldistance":9.9,"totaltime":"40"},{"stationid":4330,"stationname":"Ramkrishna Hospital","totaldistance":10.3,"totaltime":"41"},{"stationid":4329,"stationname":"Airport Gate","totaldistance":10.9,"totaltime":"42"},{"stationid":3850,"stationname":"Airport","totaldistance":11.4,"totaltime":"43"},{"stationid":3926,"stationname":"Gandhi Nagar","totaldistance":13.8,"totaltime":"50"},{"stationid":4101,"stationname":"Naya Basera","totaldistance":15.1,"totaltime":"53"},{"stationid":4010,"stationname":"GOMATGIRI CHOURAHA","totaldistance":15.4,"totaltime":"54"},{"stationid":4385,"stationname":"Pitra Parvat","totaldistance":16.5,"totaltime":"58"}]