[{"stationid":4249,"stationname":"Kampel","totaldistance":0,"totaltime":"0"},{"stationid":4377,"stationname":"Pivday","totaldistance":1,"totaltime":"3"},{"stationid":4376,"stationname":"Mundla","totaldistance":2,"totaltime":"5"},{"stationid":4268,"stationname":"Ujjaini","totaldistance":3,"totaltime":"7"},{"stationid":4375,"stationname":"Rajdhara","totaldistance":4,"totaltime":"9"},{"stationid":4374,"stationname":"Jamniya Khurd","totaldistance":5,"totaltime":"11"},{"stationid":4373,"stationname":"Sanawadiya","totaldistance":6,"totaltime":"13"},{"stationid":4372,"stationname":"Deoguradiya Temple","totaldistance":7,"totaltime":"15"},{"stationid":4371,"stationname":"Trenching Ground Indore","totaldistance":7.5,"totaltime":"18"},{"stationid":4267,"stationname":"Lakhani Bypass","totaldistance":9,"totaltime":"20"},{"stationid":4368,"stationname":"Jairam Toll Kanta","totaldistance":11,"totaltime":"23"},{"stationid":3967,"stationname":"Shiv City square","totaldistance":12,"totaltime":"25"},{"stationid":4126,"stationname":"Prabhu Nagar","totaldistance":13,"totaltime":"27"},{"stationid":4370,"stationname":"Udhyog Nagar","totaldistance":14.5,"totaltime":"30"},{"stationid":4369,"stationname":"Babul Nagar","totaldistance":16,"totaltime":"33"},{"stationid":3781,"stationname":"Shrinath Colony","totaldistance":18,"totaltime":"37"},{"stationid":4109,"stationname":"Palda Naka","totaldistance":20,"totaltime":"40"},{"stationid":3903,"stationname":"Teen Imli","totaldistance":22,"totaltime":"44"},{"stationid":3988,"stationname":"Chitawad_1","totaldistance":22.1,"totaltime":"48"},{"stationid":4128,"stationname":"Prakash Nagar_1","totaldistance":22.2,"totaltime":"51"},{"stationid":4098,"stationname":"Navlakha Chouraha","totaldistance":22.3,"totaltime":"55"},{"stationid":4020,"stationname":"Holkar City Bus","totaldistance":22.8,"totaltime":"60"},{"stationid":3980,"stationname":"Tantya Bheel Chouraha (Bhawarkua)","totaldistance":24.8,"totaltime":"61"}]