[{"stationid":4033,"stationname":"Jawahar Tekri","totaldistance":0,"totaltime":"0"},{"stationid":3875,"stationname":"Vidhyanjali School","totaldistance":0.5,"totaltime":"2"},{"stationid":3846,"stationname":"Abhinandan Pump","totaldistance":1,"totaltime":"4"},{"stationid":4232,"stationname":"Baank","totaldistance":1.8,"totaltime":"7"},{"stationid":4105,"stationname":"Noorani Nagar","totaldistance":2.5,"totaltime":"9"},{"stationid":3961,"stationname":"Sirpur","totaldistance":3.4,"totaltime":"11"},{"stationid":4194,"stationname":"Chandan Nagar","totaldistance":3.8,"totaltime":"14"},{"stationid":4034,"stationname":"Jila Hospital","totaldistance":4.4,"totaltime":"17"},{"stationid":3894,"stationname":"Timber Market","totaldistance":5,"totaltime":"19"},{"stationid":3808,"stationname":"Gangwal Bus Stand","totaldistance":5.6,"totaltime":"21"},{"stationid":3805,"stationname":"Rajmohalla","totaldistance":5.9,"totaltime":"26"},{"stationid":3862,"stationname":"Antim Chauraha","totaldistance":6.2,"totaltime":"28"},{"stationid":3801,"stationname":"Badaganpati","totaldistance":6.6,"totaltime":"30"},{"stationid":4347,"stationname":"Janta Colony","totaldistance":7,"totaltime":"33"},{"stationid":3794,"stationname":"Kandilpura","totaldistance":7.3,"totaltime":"35"},{"stationid":3793,"stationname":"Jinsi Square","totaldistance":7.6,"totaltime":"37"},{"stationid":4192,"stationname":"Chouthi Paltan","totaldistance":7.8,"totaltime":"39"},{"stationid":4142,"stationname":"Badwali Chouki","totaldistance":8.1,"totaltime":"41"},{"stationid":3958,"stationname":"Smrati Talkies","totaldistance":8.2,"totaltime":"42"},{"stationid":4024,"stationname":"Imli Bazar","totaldistance":8.4,"totaltime":"44"},{"stationid":3943,"stationname":"Rambagh","totaldistance":8.7,"totaltime":"46"},{"stationid":4092,"stationname":"Nagar Nigam Depot_1","totaldistance":8.9,"totaltime":"48"},{"stationid":4054,"stationname":"Shree Krishna Talkies/ Krishnapura Pul_1","totaldistance":9.3,"totaltime":"50"},{"stationid":4174,"stationname":"Ranipura/ Kothari Market_2","totaldistance":9.7,"totaltime":"52"},{"stationid":3923,"stationname":"Gandhi Hall/Palika Plaza_2","totaldistance":9.9,"totaltime":"54"},{"stationid":3915,"stationname":"Regal Square","totaldistance":10.6,"totaltime":"56"},{"stationid":4341,"stationname":"Yashwant Plaza","totaldistance":11,"totaltime":"58"},{"stationid":3950,"stationname":"Railway Station","totaldistance":11.4,"totaltime":"60"},{"stationid":4247,"stationname":"Sarwate Bus Stand","totaldistance":11.7,"totaltime":"65"},{"stationid":4071,"stationname":"Madhu Milan","totaldistance":11.8,"totaltime":"66"},{"stationid":4000,"stationname":"Dawa Bazar","totaldistance":12.1,"totaltime":"67"},{"stationid":4064,"stationname":"Nehru Stadium/MY Hospital Bus Std","totaldistance":12.2,"totaltime":"68"},{"stationid":4158,"stationname":"M.Y. Std / MY Chauraha/White Church/Dental Clg","totaldistance":12.7,"totaltime":"70"},{"stationid":4003,"stationname":"GPO City Bus","totaldistance":13.4,"totaltime":"73"},{"stationid":30,"stationname":"Indira Pratima","totaldistance":14,"totaltime":"76"},{"stationid":4098,"stationname":"Navlakha Chouraha","totaldistance":14.7,"totaltime":"79"},{"stationid":4128,"stationname":"Prakash Nagar_1","totaldistance":15,"totaltime":"81"},{"stationid":3988,"stationname":"Chitawad_1","totaldistance":15.6,"totaltime":"83"},{"stationid":3903,"stationname":"Teen Imli","totaldistance":15.9,"totaltime":"85"}]