[{"stationid":3926,"stationname":"Gandhi Nagar","totaldistance":0,"totaltime":"0"},{"stationid":3983,"stationname":"Bijasan / Bijasan Central School","totaldistance":2,"totaltime":"10"},{"stationid":3850,"stationname":"Airport","totaldistance":3,"totaltime":"15"},{"stationid":4110,"stationname":"Panchsheel","totaldistance":4,"totaltime":"20"},{"stationid":3876,"stationname":"Vidhyadham","totaldistance":4.2,"totaltime":"22"},{"stationid":4037,"stationname":"Kalani Nagar","totaldistance":4.5,"totaltime":"25"},{"stationid":1127,"stationname":"Shikshak Nagar","totaldistance":4.8,"totaltime":"27"},{"stationid":3891,"stationname":"Tirupati Nagar","totaldistance":5,"totaltime":"30"},{"stationid":3938,"stationname":"Ramchandra Pump / APTC","totaldistance":5.2,"totaltime":"32"},{"stationid":3801,"stationname":"Badaganpati","totaldistance":5.5,"totaltime":"35"},{"stationid":3803,"stationname":"Antim Square","totaldistance":5.8,"totaltime":"37"},{"stationid":3805,"stationname":"Rajmohalla","totaldistance":6,"totaltime":"39"},{"stationid":4075,"stationname":"Malganj","totaldistance":6.2,"totaltime":"40"},{"stationid":4106,"stationname":"Narsingh Bazar","totaldistance":6.5,"totaltime":"42"},{"stationid":4013,"stationname":"Gurudwara","totaldistance":6.7,"totaltime":"43"},{"stationid":3945,"stationname":"Rajwada","totaldistance":7,"totaltime":"45"},{"stationid":3976,"stationname":"Sanjay Setu_1","totaldistance":7.4,"totaltime":"48"},{"stationid":4137,"stationname":"Ranipura/ Kothari Market_1","totaldistance":7.8,"totaltime":"50"},{"stationid":3925,"stationname":"Gandhi Hall/Palika Plaza_1","totaldistance":8,"totaltime":"52"},{"stationid":3915,"stationname":"Regal Square","totaldistance":8.5,"totaltime":"54"},{"stationid":4017,"stationname":"City Centre / High Court_1","totaldistance":9,"totaltime":"56"},{"stationid":4214,"stationname":"Nath Mandir","totaldistance":10,"totaltime":"58"},{"stationid":3905,"stationname":"T.I.","totaldistance":10.5,"totaltime":"59"},{"stationid":4025,"stationname":"Indraprastha Tower","totaldistance":11,"totaltime":"60"},{"stationid":21,"stationname":"Palasiya Chouraha","totaldistance":12,"totaltime":"65"},{"stationid":3868,"stationname":"Badwani Plaza","totaldistance":13.1,"totaltime":"70"},{"stationid":4006,"stationname":"Gayatri Mandir","totaldistance":13.2,"totaltime":"72"},{"stationid":4118,"stationname":"Patrakar Chouraha","totaldistance":13.3,"totaltime":"75"},{"stationid":3896,"stationname":"Tilak Nagar","totaldistance":13.4,"totaltime":"78"},{"stationid":4135,"stationname":"Telephone Nagar","totaldistance":13.5,"totaltime":"80"},{"stationid":4175,"stationname":"Bangali Ringroad - 1","totaldistance":14.5,"totaltime":"90"}]