[{"stationid":3926,"stationname":"Gandhi Nagar","totaldistance":0,"totaltime":"0"},{"stationid":3983,"stationname":"Bijasan / Bijasan Central School","totaldistance":1.3,"totaltime":"3"},{"stationid":3850,"stationname":"Airport","totaldistance":2.1,"totaltime":"5"},{"stationid":4110,"stationname":"Panchsheel","totaldistance":3.1,"totaltime":"6"},{"stationid":3876,"stationname":"Vidhyadham","totaldistance":3.8,"totaltime":"8"},{"stationid":4037,"stationname":"Kalani Nagar","totaldistance":4.2,"totaltime":"10"},{"stationid":1127,"stationname":"Shikshak Nagar","totaldistance":4.5,"totaltime":"11"},{"stationid":3938,"stationname":"Ramchandra Pump / APTC","totaldistance":5.3,"totaltime":"13"},{"stationid":3801,"stationname":"Badaganpati","totaldistance":6,"totaltime":"15"},{"stationid":3862,"stationname":"Antim Chauraha","totaldistance":6.3,"totaltime":"16"},{"stationid":3805,"stationname":"Rajmohalla","totaldistance":6.6,"totaltime":"17"},{"stationid":3808,"stationname":"Gangwal Bus Stand","totaldistance":7,"totaltime":"19"},{"stationid":4065,"stationname":"M.O.G Line","totaldistance":7.5,"totaltime":"21"},{"stationid":4086,"stationname":"Mhow Naka","totaldistance":8,"totaltime":"24"},{"stationid":3814,"stationname":"Lal Baug_2","totaldistance":8.2,"totaltime":"28"},{"stationid":3816,"stationname":"G.D.C College","totaldistance":8.7,"totaltime":"30"},{"stationid":3820,"stationname":"Palsikar","totaldistance":9.2,"totaltime":"32"},{"stationid":4028,"stationname":"Jabran Colony/Juni Indore","totaldistance":9.7,"totaltime":"35"},{"stationid":3962,"stationname":"Sindhi Colony","totaldistance":10.6,"totaltime":"37"},{"stationid":3890,"stationname":"Tower Chouraha_1","totaldistance":11,"totaltime":"39"},{"stationid":3980,"stationname":"Tantya Bheel Chouraha (Bhawarkua)","totaldistance":12,"totaltime":"41"},{"stationid":3999,"stationname":"D A V V","totaldistance":12.5,"totaltime":"45"},{"stationid":4143,"stationname":"Ashram Chauraha/IT Park","totaldistance":12.9,"totaltime":"49"},{"stationid":4224,"stationname":"Pharmacy","totaldistance":13.6,"totaltime":"50"},{"stationid":4173,"stationname":"Chitawad_2","totaldistance":14,"totaltime":"51"},{"stationid":3903,"stationname":"Teen Imli","totaldistance":14.4,"totaltime":"54"},{"stationid":3907,"stationname":"Essar Pump/ Pawanpuri Colony","totaldistance":14.8,"totaltime":"58"},{"stationid":3852,"stationname":"Allahabad Bank/ Krishnapuri Colony","totaldistance":15.6,"totaltime":"59"},{"stationid":4089,"stationname":"Musakhedi","totaldistance":16,"totaltime":"60"},{"stationid":3968,"stationname":"Shanti Nagar","totaldistance":16.8,"totaltime":"63"},{"stationid":4121,"stationname":"Pipliya Hana Square","totaldistance":17.8,"totaltime":"66"},{"stationid":4014,"stationname":"Hanuman Mandir","totaldistance":18.5,"totaltime":"67"},{"stationid":4139,"stationname":"Bangali Ringroad","totaldistance":19.3,"totaltime":"69"},{"stationid":3872,"stationname":"Bangali Colony","totaldistance":19.8,"totaltime":"70"},{"stationid":3964,"stationname":"Shivshakti Nagar","totaldistance":20.1,"totaltime":"74"},{"stationid":3885,"stationname":"Vaibhav Nagar","totaldistance":20.6,"totaltime":"75"},{"stationid":3911,"stationname":"Sanchar Nagar","totaldistance":20.8,"totaltime":"76"},{"stationid":3995,"stationname":"Diamond Colony","totaldistance":21.3,"totaltime":"77"},{"stationid":4082,"stationname":"Manavata Nagar","totaldistance":21.9,"totaltime":"78"},{"stationid":4081,"stationname":"Manavata ByPass","totaldistance":22.4,"totaltime":"80"},{"stationid":4346,"stationname":"Kanadiya Thana","totaldistance":22.8,"totaltime":"81"},{"stationid":4345,"stationname":"Spring Valley School","totaldistance":23.3,"totaltime":"82"},{"stationid":4344,"stationname":"Karuna Sagar","totaldistance":24.3,"totaltime":"85"},{"stationid":4349,"stationname":"Nirmal Dham","totaldistance":25.1,"totaltime":"87"},{"stationid":4348,"stationname":"Nav Factory","totaldistance":25.4,"totaltime":"88"},{"stationid":4255,"stationname":"Kanadiya Gram","totaldistance":26.2,"totaltime":"89"},{"stationid":4343,"stationname":"Sewa Kunj","totaldistance":27.1,"totaltime":"100"}]