[{"stationid":4235,"stationname":"Mhow Naka City Bus","totaldistance":0,"totaltime":"0"},{"stationid":3816,"stationname":"G.D.C College","totaldistance":0.9,"totaltime":"3"},{"stationid":3818,"stationname":"Collectorate","totaldistance":1.3,"totaltime":"4"},{"stationid":3820,"stationname":"Palsikar","totaldistance":1.6,"totaltime":"5"},{"stationid":3826,"stationname":"Saifi Nagar","totaldistance":2.8,"totaltime":"9"},{"stationid":3827,"stationname":"Choithram Hospital","totaldistance":3.8,"totaltime":"13"},{"stationid":3828,"stationname":"Choithram Mandi","totaldistance":4.4,"totaltime":"15"},{"stationid":3982,"stationname":"Bholaram/Deendayal Upadhyay Garden","totaldistance":5.4,"totaltime":"19"},{"stationid":3980,"stationname":"Tantya Bheel Chouraha (Bhawarkua)","totaldistance":6.3,"totaltime":"22"},{"stationid":3999,"stationname":"D A V V","totaldistance":6.9,"totaltime":"24"},{"stationid":4143,"stationname":"Ashram Chauraha/IT Park","totaldistance":7.5,"totaltime":"26"},{"stationid":3988,"stationname":"Chitawad_1","totaldistance":8.4,"totaltime":"29"},{"stationid":3903,"stationname":"Teen Imli","totaldistance":9.2,"totaltime":"32"},{"stationid":4089,"stationname":"Musakhedi","totaldistance":10.6,"totaltime":"35"},{"stationid":3968,"stationname":"Shanti Nagar","totaldistance":11.4,"totaltime":"38"},{"stationid":4121,"stationname":"Pipliya Hana Square","totaldistance":12.4,"totaltime":"41"},{"stationid":4139,"stationname":"Bangali Ringroad","totaldistance":13.5,"totaltime":"44"},{"stationid":4049,"stationname":"Khajrana Ring Road","totaldistance":14.4,"totaltime":"47"},{"stationid":4076,"stationname":"Malviya Nagar","totaldistance":15.3,"totaltime":"49"},{"stationid":3877,"stationname":"Velocity Talkies","totaldistance":16,"totaltime":"51"},{"stationid":3984,"stationname":"Bombay Hospital","totaldistance":17,"totaltime":"53"},{"stationid":3973,"stationname":"Satya Sai City Bus","totaldistance":17.8,"totaltime":"55"},{"stationid":4150,"stationname":"Vijay Nagar City Bus","totaldistance":18.1,"totaltime":"57"},{"stationid":3972,"stationname":"Sayaji","totaldistance":18.9,"totaltime":"59"},{"stationid":4085,"stationname":"Meghdoot","totaldistance":19.4,"totaltime":"60"},{"stationid":3880,"stationname":"Bapat","totaldistance":20.9,"totaltime":"65"},{"stationid":3953,"stationname":"Sukhliya","totaldistance":21.8,"totaltime":"66"},{"stationid":4066,"stationname":"MR 10/ Chandragupt mourya square","totaldistance":22.7,"totaltime":"69"},{"stationid":4036,"stationname":"Kankad","totaldistance":25,"totaltime":"73"},{"stationid":3863,"stationname":"Arvindo","totaldistance":28,"totaltime":"80"}]