[{"stationid":4433,"stationname":"IIT Simrol Gate No - 2","totaldistance":0,"totaltime":"0"},{"stationid":4266,"stationname":"IIT Simrol","totaldistance":0.7,"totaltime":"2"},{"stationid":4265,"stationname":"Simrol","totaldistance":3.7,"totaltime":"8"},{"stationid":4393,"stationname":"Shell City","totaldistance":5.7,"totaltime":"13"},{"stationid":4396,"stationname":"Kanad","totaldistance":7,"totaltime":"16"},{"stationid":4397,"stationname":"9 Mil","totaldistance":9,"totaltime":"21"},{"stationid":4394,"stationname":"Swami Vivekanand Clg","totaldistance":10,"totaltime":"23"},{"stationid":4395,"stationname":"Sapera Colony","totaldistance":11,"totaltime":"25"},{"stationid":4364,"stationname":"Umrikheda","totaldistance":11.6,"totaltime":"26"},{"stationid":4392,"stationname":"Chameli Devi Clg","totaldistance":12.6,"totaltime":"29"},{"stationid":4367,"stationname":"MPPT","totaldistance":13.5,"totaltime":"31"},{"stationid":4391,"stationname":"Morod","totaldistance":13.9,"totaltime":"32"},{"stationid":4366,"stationname":"Kelod Kartal(Lotus garden)","totaldistance":14.3,"totaltime":"33"},{"stationid":3899,"stationname":"Tejaji Nagar","totaldistance":15.5,"totaltime":"36"},{"stationid":4042,"stationname":"Kasturba Gram","totaldistance":16.2,"totaltime":"38"},{"stationid":4132,"stationname":"Pushpkunj","totaldistance":17.1,"totaltime":"41"},{"stationid":4070,"stationname":"Machli Farm","totaldistance":17.5,"totaltime":"42"},{"stationid":4124,"stationname":"Power House_2","totaldistance":18,"totaltime":"44"},{"stationid":4061,"stationname":"Limbodi/Ashram","totaldistance":19,"totaltime":"47"},{"stationid":4156,"stationname":"Radhaswami","totaldistance":19.6,"totaltime":"48"},{"stationid":3934,"stationname":"Ranjeet Singh College","totaldistance":20.3,"totaltime":"50"},{"stationid":4022,"stationname":"IET/SOPA","totaldistance":20.5,"totaltime":"51"},{"stationid":4143,"stationname":"Ashram Chauraha/IT Park","totaldistance":21.1,"totaltime":"53"},{"stationid":3999,"stationname":"D A V V","totaldistance":21.6,"totaltime":"55"},{"stationid":3980,"stationname":"Tantya Bheel Chouraha (Bhawarkua)","totaldistance":22,"totaltime":"56"}]