[{"stationid":4481,"stationname":"Index Medical College","totaldistance":0,"totaltime":"0"},{"stationid":4484,"stationname":"Khudel","totaldistance":2.8,"totaltime":"6"},{"stationid":4483,"stationname":"Dudhia","totaldistance":12.2,"totaltime":"32"},{"stationid":4482,"stationname":"Devguradiya","totaldistance":13.2,"totaltime":"35"},{"stationid":4371,"stationname":"Trenching Ground Indore","totaldistance":14.2,"totaltime":"38"},{"stationid":4267,"stationname":"Lakhani Bypass","totaldistance":14.7,"totaltime":"40"},{"stationid":4368,"stationname":"Jairam Toll Kanta","totaldistance":15.2,"totaltime":"42"},{"stationid":4459,"stationname":"Shiv Nagar","totaldistance":16.2,"totaltime":"45"},{"stationid":4370,"stationname":"Udhyog Nagar","totaldistance":16.8,"totaltime":"47"},{"stationid":4369,"stationname":"Babul Nagar","totaldistance":17.4,"totaltime":"49"},{"stationid":4109,"stationname":"Palda Naka","totaldistance":18.1,"totaltime":"51"},{"stationid":3903,"stationname":"Teen Imli","totaldistance":18.7,"totaltime":"53"},{"stationid":4173,"stationname":"Chitawad_2","totaldistance":19.2,"totaltime":"58"},{"stationid":4127,"stationname":"Prakash Nagar_2","totaldistance":19.6,"totaltime":"60"},{"stationid":4096,"stationname":"Navlakha Bus Stop City Bus","totaldistance":20.2,"totaltime":"62"},{"stationid":3871,"stationname":"Zoo","totaldistance":20.9,"totaltime":"65"},{"stationid":4003,"stationname":"GPO City Bus","totaldistance":21.3,"totaltime":"66"},{"stationid":25,"stationname":"Shivaji Circle","totaldistance":21.7,"totaltime":"68"},{"stationid":4064,"stationname":"Nehru Stadium/MY Hospital Bus Std","totaldistance":22.3,"totaltime":"71"},{"stationid":4068,"stationname":"M.Y. Hospital Gate","totaldistance":22.5,"totaltime":"72"},{"stationid":4000,"stationname":"Dawa Bazar","totaldistance":22.8,"totaltime":"73"},{"stationid":4071,"stationname":"Madhu Milan","totaldistance":23,"totaltime":"75"},{"stationid":4144,"stationname":"Chhoti Gwaltoli","totaldistance":23.4,"totaltime":"77"},{"stationid":4247,"stationname":"Sarwate Bus Stand","totaldistance":23.6,"totaltime":"79"},{"stationid":3950,"stationname":"Railway Station","totaldistance":23.9,"totaltime":"82"}]