[{"stationid":3800,"stationname":"Medicaps","totaldistance":0,"totaltime":"0"},{"stationid":3796,"stationname":"Hardia Hospital","totaldistance":0.5,"totaltime":"2"},{"stationid":3766,"stationname":"Rau Bypass","totaldistance":1,"totaltime":"4"},{"stationid":3769,"stationname":"Mama ji Dhaba","totaldistance":1.5,"totaltime":"6"},{"stationid":3773,"stationname":"Rau Bus Stand","totaldistance":2,"totaltime":"8"},{"stationid":3780,"stationname":"Shramik Colony/Jivan Jyoti","totaldistance":2.5,"totaltime":"10"},{"stationid":4386,"stationname":"Akashwani Kendra","totaldistance":3,"totaltime":"12"},{"stationid":3960,"stationname":"Silicon City Gate","totaldistance":3.5,"totaltime":"14"},{"stationid":3785,"stationname":"IPS","totaldistance":4,"totaltime":"16"},{"stationid":3774,"stationname":"Rajendra Nagar","totaldistance":5,"totaltime":"20"},{"stationid":3770,"stationname":"Bijalpur","totaldistance":6,"totaltime":"23"},{"stationid":4361,"stationname":"Chameli Devi School","totaldistance":7,"totaltime":"25"},{"stationid":4043,"stationname":"Kesharbagh Bridge","totaldistance":8,"totaltime":"27"},{"stationid":3989,"stationname":"Choithram Mandi Gate","totaldistance":9,"totaltime":"30"},{"stationid":3827,"stationname":"Choithram Hospital","totaldistance":9.5,"totaltime":"33"},{"stationid":3826,"stationname":"Saifi Nagar","totaldistance":10,"totaltime":"36"},{"stationid":3824,"stationname":"Manik Baug","totaldistance":11,"totaltime":"38"},{"stationid":3822,"stationname":"Prem Nagar","totaldistance":12,"totaltime":"40"},{"stationid":3820,"stationname":"Palsikar","totaldistance":13,"totaltime":"42"},{"stationid":3818,"stationname":"Collectorate","totaldistance":14,"totaltime":"44"},{"stationid":4015,"stationname":"Shri Pandharinath Mandir_2","totaldistance":15,"totaltime":"46"},{"stationid":4013,"stationname":"Gurudwara","totaldistance":16,"totaltime":"48"},{"stationid":3945,"stationname":"Rajwada","totaldistance":17,"totaltime":"50"},{"stationid":4092,"stationname":"Nagar Nigam Depot_1","totaldistance":17.5,"totaltime":"52"},{"stationid":3987,"stationname":"ChimanBagh","totaldistance":18,"totaltime":"54"},{"stationid":3908,"stationname":"DRP Line","totaldistance":18.5,"totaltime":"56"},{"stationid":3979,"stationname":"Bhandari Mill","totaldistance":19,"totaltime":"60"},{"stationid":4153,"stationname":"Pardeshipura Thana","totaldistance":19.5,"totaltime":"62"},{"stationid":4093,"stationname":"Naka Bhatta","totaldistance":19.8,"totaltime":"63"},{"stationid":3956,"stationname":"Subhash Nagar_2","totaldistance":20,"totaltime":"64"},{"stationid":4112,"stationname":"Pardesipura","totaldistance":20.2,"totaltime":"65"},{"stationid":3913,"stationname":"Electronic Complex","totaldistance":20.5,"totaltime":"66"},{"stationid":4011,"stationname":"Gouri Nagar","totaldistance":20.8,"totaltime":"67"},{"stationid":3878,"stationname":"Veena nagar","totaldistance":21,"totaltime":"68"},{"stationid":4066,"stationname":"MR 10/ Chandragupt mourya square","totaldistance":21.3,"totaltime":"70"},{"stationid":4225,"stationname":"M R-10 Toll Plaza","totaldistance":21.5,"totaltime":"72"},{"stationid":4036,"stationname":"Kankad","totaldistance":22,"totaltime":"74"},{"stationid":4063,"stationname":"Luv Kush / MR 10 SQ","totaldistance":24,"totaltime":"78"},{"stationid":3863,"stationname":"Arvindo","totaldistance":26,"totaltime":"80"}]