[{"stationid":4254,"stationname":"Mahak Vatika","totaldistance":0,"totaltime":"0"},{"stationid":4076,"stationname":"Malviya Nagar","totaldistance":0.5,"totaltime":"1"},{"stationid":4047,"stationname":"Khajrana Ring Road 1","totaldistance":1,"totaltime":"3"},{"stationid":4060,"stationname":"LIG","totaldistance":2,"totaltime":"5"},{"stationid":4088,"stationname":"MIG Thana","totaldistance":2.5,"totaltime":"7"},{"stationid":4114,"stationname":"Patnipura","totaldistance":3,"totaltime":"10"},{"stationid":3870,"stationname":"Bakery Gali","totaldistance":3.5,"totaltime":"12"},{"stationid":4078,"stationname":"Malwa Mill","totaldistance":4,"totaltime":"14"},{"stationid":4032,"stationname":"Janjir Wala","totaldistance":5,"totaltime":"18"},{"stationid":4025,"stationname":"Indraprastha Tower","totaldistance":5.5,"totaltime":"20"},{"stationid":23,"stationname":"Geeta Bhawan Cross Road","totaldistance":6,"totaltime":"22"},{"stationid":4071,"stationname":"Madhu Milan","totaldistance":7,"totaltime":"25"},{"stationid":4144,"stationname":"Chhoti Gwaltoli","totaldistance":7.3,"totaltime":"26"},{"stationid":3950,"stationname":"Railway Station","totaldistance":7.8,"totaltime":"28"},{"stationid":3925,"stationname":"Gandhi Hall/Palika Plaza_1","totaldistance":8.3,"totaltime":"30"},{"stationid":4137,"stationname":"Ranipura/ Kothari Market_1","totaldistance":8.5,"totaltime":"31"},{"stationid":4233,"stationname":"Riverside_1","totaldistance":9,"totaltime":"33"},{"stationid":3976,"stationname":"Sanjay Setu_1","totaldistance":9.5,"totaltime":"36"},{"stationid":3945,"stationname":"Rajwada","totaldistance":10.2,"totaltime":"40"}]