[{"stationid":2,"stationname":"Niranjanpur","totaldistance":0,"totaltime":"0"},{"stationid":5,"stationname":"Scheme No. 78","totaldistance":0.5,"totaltime":"1"},{"stationid":6,"stationname":"Shalimar Township BRT","totaldistance":1.1,"totaltime":"4"},{"stationid":8,"stationname":"Satya Sai","totaldistance":1.8,"totaltime":"6"},{"stationid":10,"stationname":"Vijay Nagar BRT","totaldistance":2.4,"totaltime":"8"},{"stationid":12,"stationname":"M. R. 9  Square","totaldistance":3.1,"totaltime":"10"},{"stationid":14,"stationname":"Press Complex","totaldistance":3.8,"totaltime":"13"},{"stationid":15,"stationname":"L.I.G. Square","totaldistance":4.1,"totaltime":"14"},{"stationid":17,"stationname":"Industry House","totaldistance":4.7,"totaltime":"16"},{"stationid":20,"stationname":"Palasiya","totaldistance":5.3,"totaltime":"18"},{"stationid":22,"stationname":"Gita Bhawan","totaldistance":6,"totaltime":"21"},{"stationid":24,"stationname":"AiCTSL","totaldistance":6.4,"totaltime":"22"},{"stationid":26,"stationname":"Shivaji Vatika BRT","totaldistance":6.9,"totaltime":"24"},{"stationid":28,"stationname":"GPO BRT","totaldistance":7.6,"totaltime":"26"},{"stationid":30,"stationname":"Indira Pratima","totaldistance":8.2,"totaltime":"29"},{"stationid":32,"stationname":"Navlakha Square BRT","totaldistance":8.7,"totaltime":"30"},{"stationid":33,"stationname":"Holkar Subway BRT","totaldistance":9.4,"totaltime":"33"},{"stationid":35,"stationname":"Tantya Bheel Chouraha (Bhawarkua) BRT","totaldistance":10,"totaltime":"35"},{"stationid":36,"stationname":"Vishnupuri","totaldistance":10.4,"totaltime":"36"},{"stationid":37,"stationname":"Mata Gujri","totaldistance":10.9,"totaltime":"38"},{"stationid":38,"stationname":"Rajiv Gandhi","totaldistance":11.3,"totaltime":"40"},{"stationid":3929,"stationname":"Regional Park (A.B. Road)","totaldistance":13,"totaltime":"41"},{"stationid":3763,"stationname":"Maa Vihar1","totaldistance":13.4,"totaltime":"43"},{"stationid":3764,"stationname":"Gadbadi Pulia2","totaldistance":13.7,"totaltime":"45"},{"stationid":3768,"stationname":"Arjun Nagar","totaldistance":14.3,"totaltime":"46"},{"stationid":3774,"stationname":"Rajendra Nagar","totaldistance":15.5,"totaltime":"51"},{"stationid":3770,"stationname":"Bijalpur","totaldistance":15.8,"totaltime":"48"},{"stationid":3778,"stationname":"Durga Nagar","totaldistance":16.1,"totaltime":"53"},{"stationid":3782,"stationname":"Reti Mandi2","totaldistance":16.5,"totaltime":"54"},{"stationid":3788,"stationname":"Gamla Pulia","totaldistance":16.8,"totaltime":"56"},{"stationid":3785,"stationname":"IPS","totaldistance":17.6,"totaltime":"59"},{"stationid":3780,"stationname":"Shramik Colony/Jivan Jyoti","totaldistance":19,"totaltime":"63"},{"stationid":3779,"stationname":"Rau Petrol Pump","totaldistance":19.8,"totaltime":"65"},{"stationid":3773,"stationname":"Rau Bus Stand","totaldistance":20.2,"totaltime":"67"},{"stationid":3769,"stationname":"Mama ji Dhaba","totaldistance":20.7,"totaltime":"68"},{"stationid":3766,"stationname":"Rau Bypass","totaldistance":21.7,"totaltime":"70"}]