[{"stationid":3766,"stationname":"Rau Bypass","totaldistance":0,"totaltime":"0"},{"stationid":3769,"stationname":"Mama ji Dhaba","totaldistance":1,"totaltime":"2"},{"stationid":3773,"stationname":"Rau Bus Stand","totaldistance":1.5,"totaltime":"3"},{"stationid":3779,"stationname":"Rau Petrol Pump","totaldistance":1.9,"totaltime":"5"},{"stationid":3780,"stationname":"Shramik Colony/Jivan Jyoti","totaldistance":2.7,"totaltime":"7"},{"stationid":3785,"stationname":"IPS","totaldistance":4.1,"totaltime":"11"},{"stationid":3788,"stationname":"Gamla Pulia","totaldistance":4.9,"totaltime":"14"},{"stationid":3782,"stationname":"Reti Mandi2","totaldistance":5.2,"totaltime":"16"},{"stationid":3778,"stationname":"Durga Nagar","totaldistance":5.6,"totaltime":"17"},{"stationid":3774,"stationname":"Rajendra Nagar","totaldistance":6.2,"totaltime":"19"},{"stationid":3770,"stationname":"Bijalpur","totaldistance":6.6,"totaltime":"21"},{"stationid":3768,"stationname":"Arjun Nagar","totaldistance":7.4,"totaltime":"23"},{"stationid":3764,"stationname":"Gadbadi Pulia2","totaldistance":8,"totaltime":"24"},{"stationid":3763,"stationname":"Maa Vihar1","totaldistance":8.3,"totaltime":"26"},{"stationid":3929,"stationname":"Regional Park (A.B. Road)","totaldistance":8.7,"totaltime":"28"},{"stationid":38,"stationname":"Rajiv Gandhi","totaldistance":10.4,"totaltime":"30"},{"stationid":37,"stationname":"Mata Gujri","totaldistance":10.8,"totaltime":"31"},{"stationid":36,"stationname":"Vishnupuri","totaldistance":11.3,"totaltime":"33"},{"stationid":35,"stationname":"Tantya Bheel Chouraha (Bhawarkua) BRT","totaldistance":11.7,"totaltime":"34"},{"stationid":33,"stationname":"Holkar Subway BRT","totaldistance":12.3,"totaltime":"36"},{"stationid":32,"stationname":"Navlakha Square BRT","totaldistance":13,"totaltime":"39"},{"stationid":30,"stationname":"Indira Pratima","totaldistance":13.5,"totaltime":"40"},{"stationid":28,"stationname":"GPO BRT","totaldistance":14.1,"totaltime":"43"},{"stationid":26,"stationname":"Shivaji Vatika BRT","totaldistance":14.8,"totaltime":"45"},{"stationid":24,"stationname":"AiCTSL","totaldistance":15.3,"totaltime":"47"},{"stationid":22,"stationname":"Gita Bhawan","totaldistance":15.7,"totaltime":"48"},{"stationid":20,"stationname":"Palasiya","totaldistance":16.4,"totaltime":"51"},{"stationid":17,"stationname":"Industry House","totaldistance":17,"totaltime":"53"},{"stationid":15,"stationname":"L.I.G. Square","totaldistance":17.6,"totaltime":"55"},{"stationid":14,"stationname":"Press Complex","totaldistance":17.9,"totaltime":"56"},{"stationid":12,"stationname":"M. R. 9  Square","totaldistance":18.6,"totaltime":"59"},{"stationid":10,"stationname":"Vijay Nagar BRT","totaldistance":19.3,"totaltime":"61"},{"stationid":8,"stationname":"Satya Sai","totaldistance":19.9,"totaltime":"63"},{"stationid":6,"stationname":"Shalimar Township BRT","totaldistance":20.6,"totaltime":"66"},{"stationid":5,"stationname":"Scheme No. 78","totaldistance":21.2,"totaltime":"68"},{"stationid":2,"stationname":"Niranjanpur","totaldistance":21.7,"totaltime":"70"}]