[{"stationid":3945,"stationname":"Rajwada","totaldistance":0,"totaltime":"0"},{"stationid":4013,"stationname":"Gurudwara","totaldistance":0.3,"totaltime":"3"},{"stationid":4193,"stationname":"Shri Pandharinath Mandir_1","totaldistance":0.7,"totaltime":"5"},{"stationid":3818,"stationname":"Collectorate","totaldistance":2.1,"totaltime":"8"},{"stationid":3816,"stationname":"G.D.C College","totaldistance":2.6,"totaltime":"10"},{"stationid":3833,"stationname":"Lal Baug_1","totaldistance":3.1,"totaltime":"12"},{"stationid":4235,"stationname":"Mhow Naka City Bus","totaldistance":3.4,"totaltime":"14"},{"stationid":3884,"stationname":"Usha Nagar","totaldistance":3.7,"totaltime":"16"},{"stationid":3879,"stationname":"Bank Colony","totaldistance":4,"totaltime":"17"},{"stationid":3858,"stationname":"Annapurna Mandir","totaldistance":4.4,"totaltime":"19"},{"stationid":3859,"stationname":"Annapurna Nagar","totaldistance":4.7,"totaltime":"21"},{"stationid":3985,"stationname":"Chanakyapuri Square","totaldistance":5.1,"totaltime":"22"},{"stationid":3881,"stationname":"Vaishali Nagar","totaldistance":5.3,"totaltime":"24"},{"stationid":3901,"stationname":"Dhanvantri Nagar","totaldistance":6.5,"totaltime":"28"},{"stationid":3949,"stationname":"Rajendra Nagar Square","totaldistance":6.8,"totaltime":"31"},{"stationid":3998,"stationname":"Dutt Mandir","totaldistance":7.3,"totaltime":"33"},{"stationid":4316,"stationname":"Reti Mandi Chouraha","totaldistance":7.6,"totaltime":"34"},{"stationid":4327,"stationname":"CAT","totaldistance":8.4,"totaltime":"36"},{"stationid":4437,"stationname":"Surya Mandir","totaldistance":9.9,"totaltime":"39"},{"stationid":4438,"stationname":"Treasure Fantasy","totaldistance":10.3,"totaltime":"42"},{"stationid":4439,"stationname":"NaidunIa","totaldistance":11.7,"totaltime":"45"},{"stationid":4435,"stationname":"Rau Rangwasa Chauraha","totaldistance":12.5,"totaltime":"48"},{"stationid":4440,"stationname":"Govt. College Rau","totaldistance":12.8,"totaltime":"50"},{"stationid":4436,"stationname":"Shiv Chowk Rangwasa","totaldistance":14.4,"totaltime":"56"}]