[{"stationid":4436,"stationname":"Shiv Chowk Rangwasa","totaldistance":0,"totaltime":"0"},{"stationid":4440,"stationname":"Govt. College Rau","totaldistance":1.6,"totaltime":"6"},{"stationid":4435,"stationname":"Rau Rangwasa Chauraha","totaldistance":1.9,"totaltime":"8"},{"stationid":4439,"stationname":"NaidunIa","totaldistance":2.7,"totaltime":"11"},{"stationid":4438,"stationname":"Treasure Fantasy","totaldistance":4.1,"totaltime":"14"},{"stationid":4437,"stationname":"Surya Mandir","totaldistance":4.5,"totaltime":"17"},{"stationid":4327,"stationname":"CAT","totaldistance":6,"totaltime":"20"},{"stationid":4316,"stationname":"Reti Mandi Chouraha","totaldistance":6.8,"totaltime":"22"},{"stationid":3998,"stationname":"Dutt Mandir","totaldistance":7.1,"totaltime":"23"},{"stationid":3949,"stationname":"Rajendra Nagar Square","totaldistance":7.6,"totaltime":"25"},{"stationid":3901,"stationname":"Dhanvantri Nagar","totaldistance":7.9,"totaltime":"28"},{"stationid":3881,"stationname":"Vaishali Nagar","totaldistance":9.1,"totaltime":"32"},{"stationid":3985,"stationname":"Chanakyapuri Square","totaldistance":9.3,"totaltime":"34"},{"stationid":3859,"stationname":"Annapurna Nagar","totaldistance":9.7,"totaltime":"35"},{"stationid":3858,"stationname":"Annapurna Mandir","totaldistance":10,"totaltime":"37"},{"stationid":3879,"stationname":"Bank Colony","totaldistance":10.4,"totaltime":"39"},{"stationid":3884,"stationname":"Usha Nagar","totaldistance":10.7,"totaltime":"40"},{"stationid":4235,"stationname":"Mhow Naka City Bus","totaldistance":11,"totaltime":"42"},{"stationid":3814,"stationname":"Lal Baug_2","totaldistance":11.3,"totaltime":"44"},{"stationid":3816,"stationname":"G.D.C College","totaldistance":11.8,"totaltime":"46"},{"stationid":3818,"stationname":"Collectorate","totaldistance":12.3,"totaltime":"48"},{"stationid":4015,"stationname":"Shri Pandharinath Mandir_2","totaldistance":13.7,"totaltime":"51"},{"stationid":4013,"stationname":"Gurudwara","totaldistance":14.1,"totaltime":"53"},{"stationid":3945,"stationname":"Rajwada","totaldistance":14.4,"totaltime":"56"}]