[{"stationid":3945,"stationname":"Rajwada","totaldistance":0,"totaltime":"0"},{"stationid":4205,"stationname":"Sanjay Setu_2","totaldistance":0.5,"totaltime":"3"},{"stationid":4234,"stationname":"Riverside_2","totaldistance":0.8,"totaltime":"5"},{"stationid":4174,"stationname":"Ranipura/ Kothari Market_2","totaldistance":1.1,"totaltime":"6"},{"stationid":3923,"stationname":"Gandhi Hall/Palika Plaza_2","totaldistance":1.3,"totaltime":"7"},{"stationid":3915,"stationname":"Regal Square","totaldistance":2,"totaltime":"9"},{"stationid":4017,"stationname":"City Centre / High Court_1","totaldistance":2.3,"totaltime":"11"},{"stationid":4058,"stationname":"Lanturn Chouraha","totaldistance":2.5,"totaltime":"13"},{"stationid":3922,"stationname":"G.S.I.T.S.","totaldistance":2.8,"totaltime":"15"},{"stationid":3936,"stationname":"Rani Sati Gate","totaldistance":3.1,"totaltime":"16"},{"stationid":4078,"stationname":"Malwa Mill","totaldistance":3.8,"totaltime":"18"},{"stationid":3870,"stationname":"Bakery Gali","totaldistance":4.1,"totaltime":"21"},{"stationid":4114,"stationname":"Patnipura","totaldistance":4.6,"totaltime":"24"},{"stationid":3864,"stationname":"Astha Anup/Anup Talkies","totaldistance":5.2,"totaltime":"27"},{"stationid":3897,"stationname":"Bhamori","totaldistance":5.7,"totaltime":"29"},{"stationid":4008,"stationname":"Girdhar Mahal","totaldistance":6.1,"totaltime":"31"},{"stationid":3972,"stationname":"Sayaji","totaldistance":6.5,"totaltime":"32"},{"stationid":4150,"stationname":"Vijay Nagar City Bus","totaldistance":6.8,"totaltime":"34"},{"stationid":3973,"stationname":"Satya Sai City Bus","totaldistance":7.5,"totaltime":"36"},{"stationid":3984,"stationname":"Bombay Hospital","totaldistance":8.1,"totaltime":"38"},{"stationid":4073,"stationname":"Mahalakshmi Nagar","totaldistance":8.6,"totaltime":"40"},{"stationid":3952,"stationname":"Sun City","totaldistance":9.4,"totaltime":"41"},{"stationid":3886,"stationname":"Tulsi Nagar","totaldistance":9.8,"totaltime":"42"},{"stationid":3867,"stationname":"B.C.M. Paradise","totaldistance":10,"totaltime":"43"},{"stationid":4195,"stationname":"Apollo DB City","totaldistance":10.4,"totaltime":"44"},{"stationid":3937,"stationname":"Samar park","totaldistance":11.3,"totaltime":"47"},{"stationid":3912,"stationname":"Royal Bungalow","totaldistance":11.7,"totaltime":"48"},{"stationid":4103,"stationname":"Nipaniya Gram","totaldistance":12.4,"totaltime":"50"}]