[{"stationid":3950,"stationname":"Railway Station","totaldistance":0,"totaltime":"0"},{"stationid":4158,"stationname":"M.Y. Std / MY Chauraha/White Church/Dental Clg","totaldistance":1.5,"totaltime":"4"},{"stationid":4096,"stationname":"Navlakha Bus Stop City Bus","totaldistance":3.4,"totaltime":"11"},{"stationid":3980,"stationname":"Tantya Bheel Chouraha (Bhawarkua)","totaldistance":4.7,"totaltime":"14"},{"stationid":39,"stationname":"Rajiv Gandhi Circle","totaldistance":6.2,"totaltime":"17"},{"stationid":3770,"stationname":"Bijalpur","totaldistance":8.4,"totaltime":"20"},{"stationid":3774,"stationname":"Rajendra Nagar","totaldistance":10,"totaltime":"25"},{"stationid":4327,"stationname":"CAT","totaldistance":12.2,"totaltime":"31"},{"stationid":4435,"stationname":"Rau Rangwasa Chauraha","totaldistance":15.8,"totaltime":"40"},{"stationid":4390,"stationname":"IIM Indore","totaldistance":18,"totaltime":"44"},{"stationid":4474,"stationname":"Eicher Chouraha","totaldistance":30,"totaltime":"65"},{"stationid":4475,"stationname":"Sagour Kuti","totaldistance":38,"totaltime":"80"},{"stationid":4326,"stationname":"Indorama Pithampur Sector III","totaldistance":41.5,"totaltime":"90"}]