[{"stationid":4267,"stationname":"Lakhani Bypass","totaldistance":0,"totaltime":"0"},{"stationid":4368,"stationname":"Jairam Toll Kanta","totaldistance":0.8,"totaltime":"2"},{"stationid":4109,"stationname":"Palda Naka","totaldistance":3.6,"totaltime":"11"},{"stationid":3903,"stationname":"Teen Imli","totaldistance":4.2,"totaltime":"13"},{"stationid":4173,"stationname":"Chitawad_2","totaldistance":4.8,"totaltime":"19"},{"stationid":4128,"stationname":"Prakash Nagar_1","totaldistance":5.4,"totaltime":"21"},{"stationid":4098,"stationname":"Navlakha Chouraha","totaldistance":5.8,"totaltime":"22"},{"stationid":4003,"stationname":"GPO City Bus","totaldistance":7.1,"totaltime":"27"},{"stationid":4068,"stationname":"M.Y. Hospital Gate","totaldistance":8.4,"totaltime":"32"},{"stationid":4000,"stationname":"Dawa Bazar","totaldistance":8.7,"totaltime":"33"},{"stationid":4071,"stationname":"Madhu Milan","totaldistance":8.9,"totaltime":"35"},{"stationid":4144,"stationname":"Chhoti Gwaltoli","totaldistance":9.3,"totaltime":"37"},{"stationid":4247,"stationname":"Sarwate Bus Stand","totaldistance":9.7,"totaltime":"39"},{"stationid":3950,"stationname":"Railway Station","totaldistance":10.2,"totaltime":"41"},{"stationid":4145,"stationname":"Regal (Shastri Bridge)","totaldistance":10.9,"totaltime":"46"},{"stationid":3923,"stationname":"Gandhi Hall/Palika Plaza_2","totaldistance":11.6,"totaltime":"49"},{"stationid":4174,"stationname":"Ranipura/ Kothari Market_2","totaldistance":11.8,"totaltime":"50"},{"stationid":3976,"stationname":"Sanjay Setu_1","totaldistance":12.5,"totaltime":"53"},{"stationid":4201,"stationname":"Nandlalpura","totaldistance":12.9,"totaltime":"56"},{"stationid":4013,"stationname":"Gurudwara","totaldistance":13.1,"totaltime":"57"},{"stationid":4106,"stationname":"Narsingh Bazar","totaldistance":13.7,"totaltime":"61"},{"stationid":4075,"stationname":"Malganj","totaldistance":14.1,"totaltime":"64"},{"stationid":3805,"stationname":"Rajmohalla","totaldistance":14.7,"totaltime":"67"},{"stationid":3808,"stationname":"Gangwal Bus Stand","totaldistance":15.1,"totaltime":"70"}]