[{"stationid":3808,"stationname":"Gangwal Bus Stand","totaldistance":0,"totaltime":"0"},{"stationid":3805,"stationname":"Rajmohalla","totaldistance":0.4,"totaltime":"3"},{"stationid":4075,"stationname":"Malganj","totaldistance":1,"totaltime":"6"},{"stationid":4106,"stationname":"Narsingh Bazar","totaldistance":1.5,"totaltime":"9"},{"stationid":4013,"stationname":"Gurudwara","totaldistance":2,"totaltime":"13"},{"stationid":4201,"stationname":"Nandlalpura","totaldistance":2.3,"totaltime":"14"},{"stationid":3976,"stationname":"Sanjay Setu_1","totaldistance":2.6,"totaltime":"17"},{"stationid":4137,"stationname":"Ranipura/ Kothari Market_1","totaldistance":3.3,"totaltime":"20"},{"stationid":3925,"stationname":"Gandhi Hall/Palika Plaza_1","totaldistance":3.6,"totaltime":"21"},{"stationid":4145,"stationname":"Regal (Shastri Bridge)","totaldistance":4.3,"totaltime":"24"},{"stationid":3950,"stationname":"Railway Station","totaldistance":5,"totaltime":"29"},{"stationid":4247,"stationname":"Sarwate Bus Stand","totaldistance":5.5,"totaltime":"31"},{"stationid":4144,"stationname":"Chhoti Gwaltoli","totaldistance":5.8,"totaltime":"33"},{"stationid":4071,"stationname":"Madhu Milan","totaldistance":6.1,"totaltime":"35"},{"stationid":4000,"stationname":"Dawa Bazar","totaldistance":6.4,"totaltime":"37"},{"stationid":4068,"stationname":"M.Y. Hospital Gate","totaldistance":6.8,"totaltime":"38"},{"stationid":4003,"stationname":"GPO City Bus","totaldistance":8.1,"totaltime":"43"},{"stationid":4098,"stationname":"Navlakha Chouraha","totaldistance":9.4,"totaltime":"48"},{"stationid":4128,"stationname":"Prakash Nagar_1","totaldistance":9.8,"totaltime":"49"},{"stationid":4173,"stationname":"Chitawad_2","totaldistance":10.4,"totaltime":"51"},{"stationid":3903,"stationname":"Teen Imli","totaldistance":11,"totaltime":"57"},{"stationid":4109,"stationname":"Palda Naka","totaldistance":11.5,"totaltime":"59"},{"stationid":4368,"stationname":"Jairam Toll Kanta","totaldistance":14.4,"totaltime":"68"},{"stationid":4267,"stationname":"Lakhani Bypass","totaldistance":15.1,"totaltime":"70"}]