[{"stationid":3945,"stationname":"Rajwada","totaldistance":0,"totaltime":"0"},{"stationid":4092,"stationname":"Nagar Nigam Depot_1","totaldistance":0.8,"totaltime":"3"},{"stationid":3849,"stationname":"Ahilya Ashram","totaldistance":2.3,"totaltime":"6"},{"stationid":4123,"stationname":"Polo Ground","totaldistance":2.6,"totaltime":"7"},{"stationid":4083,"stationname":"Marimata Chouraha","totaldistance":3.5,"totaltime":"9"},{"stationid":4074,"stationname":"Mahesh Guard Line/Police Line Pump","totaldistance":3.8,"totaltime":"10"},{"stationid":3829,"stationname":"Kila Maidan/Laxmi Bai Pratima","totaldistance":4.5,"totaltime":"12"},{"stationid":3791,"stationname":"Indore Wire Factory","totaldistance":5,"totaltime":"13"},{"stationid":4378,"stationname":"Palhar Nagar Water Tank","totaldistance":5.6,"totaltime":"14"},{"stationid":4463,"stationname":"Manushree Nagar","totaldistance":8.1,"totaltime":"19"},{"stationid":4466,"stationname":"Bohra Colony","totaldistance":10.2,"totaltime":"23"},{"stationid":4467,"stationname":"Bangarda Road","totaldistance":11.4,"totaltime":"26"},{"stationid":4461,"stationname":"Mahima Smart City","totaldistance":12.1,"totaltime":"28"},{"stationid":4462,"stationname":"Bada Bangarda","totaldistance":12.7,"totaltime":"29"}]