[{"stationid":4195,"stationname":"Apollo DB City","totaldistance":0,"totaltime":"0"},{"stationid":3867,"stationname":"B.C.M. Paradise","totaldistance":0.4,"totaltime":"1"},{"stationid":3886,"stationname":"Tulsi Nagar","totaldistance":0.6,"totaltime":"2"},{"stationid":4073,"stationname":"Mahalakshmi Nagar","totaldistance":1.8,"totaltime":"5"},{"stationid":3984,"stationname":"Bombay Hospital","totaldistance":2.1,"totaltime":"6"},{"stationid":3973,"stationname":"Satya Sai City Bus","totaldistance":2.7,"totaltime":"8"},{"stationid":4150,"stationname":"Vijay Nagar City Bus","totaldistance":3.4,"totaltime":"11"},{"stationid":3972,"stationname":"Sayaji","totaldistance":4.1,"totaltime":"13"},{"stationid":4085,"stationname":"Meghdoot","totaldistance":4.6,"totaltime":"16"},{"stationid":3880,"stationname":"Bapat","totaldistance":5.4,"totaltime":"18"},{"stationid":3953,"stationname":"Sukhliya","totaldistance":5.7,"totaltime":"20"},{"stationid":4225,"stationname":"M R-10 Toll Plaza","totaldistance":8.8,"totaltime":"30"},{"stationid":4036,"stationname":"Kankad","totaldistance":10,"totaltime":"33"},{"stationid":4063,"stationname":"Luv Kush / MR 10 SQ","totaldistance":10.9,"totaltime":"36"},{"stationid":3863,"stationname":"Arvindo","totaldistance":11.8,"totaltime":"41"},{"stationid":4486,"stationname":"Luv Kush/ Super Corridor","totaldistance":12.7,"totaltime":"44"},{"stationid":4470,"stationname":"Super Corridor Bridge","totaldistance":14.7,"totaltime":"47"},{"stationid":4468,"stationname":"TCS Square","totaldistance":16.4,"totaltime":"50"},{"stationid":4469,"stationname":"Infosys Company","totaldistance":16.8,"totaltime":"51"},{"stationid":4467,"stationname":"Bangarda Road","totaldistance":17.7,"totaltime":"53"},{"stationid":4466,"stationname":"Bohra Colony","totaldistance":19.5,"totaltime":"56"},{"stationid":4382,"stationname":"Super Corridor","totaldistance":20.7,"totaltime":"58"},{"stationid":3926,"stationname":"Gandhi Nagar","totaldistance":21.6,"totaltime":"60"},{"stationid":4101,"stationname":"Naya Basera","totaldistance":22.6,"totaltime":"63"},{"stationid":4010,"stationname":"GOMATGIRI CHOURAHA","totaldistance":23.2,"totaltime":"65"},{"stationid":4387,"stationname":"GOMATGIRI TEMPLE","totaldistance":23.9,"totaltime":"67"},{"stationid":4385,"stationname":"Pitra Parvat","totaldistance":25,"totaltime":"70"},{"stationid":4383,"stationname":"Bhairav Baba Mandir","totaldistance":25.4,"totaltime":"71"},{"stationid":4485,"stationname":"BSF Colony","totaldistance":26.1,"totaltime":"73"},{"stationid":4384,"stationname":"Budhaniya","totaldistance":26.5,"totaltime":"74"},{"stationid":4250,"stationname":"Hatod","totaldistance":29.5,"totaltime":"80"}]