[{"stationid":4098,"stationname":"Navlakha Chouraha","totaldistance":0,"totaltime":"0"},{"stationid":3865,"stationname":"Azad Nagar","totaldistance":0.7,"totaltime":"2"},{"stationid":4471,"stationname":"Residency Area","totaldistance":1.4,"totaltime":"4"},{"stationid":3965,"stationname":"Shivaji Vatika City Bus","totaldistance":2.5,"totaltime":"7"},{"stationid":4158,"stationname":"M.Y. Std / MY Chauraha/White Church/Dental Clg","totaldistance":3,"totaltime":"9"},{"stationid":4000,"stationname":"Dawa Bazar","totaldistance":3.2,"totaltime":"10"},{"stationid":4071,"stationname":"Madhu Milan","totaldistance":3.8,"totaltime":"12"},{"stationid":4247,"stationname":"Sarwate Bus Stand","totaldistance":4.3,"totaltime":"14"},{"stationid":3950,"stationname":"Railway Station","totaldistance":5.3,"totaltime":"19"},{"stationid":3923,"stationname":"Gandhi Hall/Palika Plaza_2","totaldistance":5.8,"totaltime":"21"},{"stationid":4174,"stationname":"Ranipura/ Kothari Market_2","totaldistance":6,"totaltime":"22"},{"stationid":3976,"stationname":"Sanjay Setu_1","totaldistance":6.8,"totaltime":"25"},{"stationid":3945,"stationname":"Rajwada","totaldistance":7,"totaltime":"29"},{"stationid":4013,"stationname":"Gurudwara","totaldistance":7.3,"totaltime":"32"},{"stationid":4193,"stationname":"Shri Pandharinath Mandir_1","totaldistance":7.8,"totaltime":"34"},{"stationid":3818,"stationname":"Collectorate","totaldistance":8.5,"totaltime":"37"},{"stationid":3816,"stationname":"G.D.C College","totaldistance":9,"totaltime":"39"},{"stationid":3833,"stationname":"Lal Baug_1","totaldistance":9.3,"totaltime":"40"},{"stationid":4235,"stationname":"Mhow Naka City Bus","totaldistance":9.7,"totaltime":"42"}]