[{"stationid":4462,"stationname":"Bada Bangarda","totaldistance":0,"totaltime":"0"},{"stationid":4461,"stationname":"Mahima Smart City","totaldistance":0.6,"totaltime":"1"},{"stationid":4467,"stationname":"Bangarda Road","totaldistance":1.3,"totaltime":"3"},{"stationid":4466,"stationname":"Bohra Colony","totaldistance":2.3,"totaltime":"6"},{"stationid":4463,"stationname":"Manushree Nagar","totaldistance":4.6,"totaltime":"10"},{"stationid":4378,"stationname":"Palhar Nagar Water Tank","totaldistance":7.1,"totaltime":"15"},{"stationid":3791,"stationname":"Indore Wire Factory","totaldistance":7.7,"totaltime":"16"},{"stationid":3829,"stationname":"Kila Maidan/Laxmi Bai Pratima","totaldistance":8.2,"totaltime":"17"},{"stationid":4074,"stationname":"Mahesh Guard Line/Police Line Pump","totaldistance":8.9,"totaltime":"19"},{"stationid":4083,"stationname":"Marimata Chouraha","totaldistance":9.2,"totaltime":"20"},{"stationid":4123,"stationname":"Polo Ground","totaldistance":10.1,"totaltime":"22"},{"stationid":3849,"stationname":"Ahilya Ashram","totaldistance":10.4,"totaltime":"23"},{"stationid":4092,"stationname":"Nagar Nigam Depot_1","totaldistance":11.9,"totaltime":"26"},{"stationid":3945,"stationname":"Rajwada","totaldistance":12.7,"totaltime":"29"}]