[{"stationid":4250,"stationname":"Hatod","totaldistance":0,"totaltime":"0"},{"stationid":4384,"stationname":"Budhaniya","totaldistance":3,"totaltime":"3"},{"stationid":4485,"stationname":"BSF Colony","totaldistance":3.4,"totaltime":"7"},{"stationid":4383,"stationname":"Bhairav Baba Mandir","totaldistance":4.1,"totaltime":"9"},{"stationid":4385,"stationname":"Pitra Parvat","totaldistance":4.5,"totaltime":"10"},{"stationid":4387,"stationname":"GOMATGIRI TEMPLE","totaldistance":5.6,"totaltime":"13"},{"stationid":4010,"stationname":"GOMATGIRI CHOURAHA","totaldistance":6.3,"totaltime":"15"},{"stationid":4101,"stationname":"Naya Basera","totaldistance":6.9,"totaltime":"17"},{"stationid":3926,"stationname":"Gandhi Nagar","totaldistance":7.9,"totaltime":"20"},{"stationid":4382,"stationname":"Super Corridor","totaldistance":8.8,"totaltime":"22"},{"stationid":4466,"stationname":"Bohra Colony","totaldistance":10,"totaltime":"24"},{"stationid":4467,"stationname":"Bangarda Road","totaldistance":11.8,"totaltime":"27"},{"stationid":4469,"stationname":"Infosys Company","totaldistance":12.7,"totaltime":"29"},{"stationid":4468,"stationname":"TCS Square","totaldistance":13.1,"totaltime":"30"},{"stationid":4470,"stationname":"Super Corridor Bridge","totaldistance":14.8,"totaltime":"33"},{"stationid":4063,"stationname":"Luv Kush / MR 10 SQ","totaldistance":16.8,"totaltime":"36"},{"stationid":3863,"stationname":"Arvindo","totaldistance":17.7,"totaltime":"39"},{"stationid":4486,"stationname":"Luv Kush/ Super Corridor","totaldistance":18.6,"totaltime":"44"},{"stationid":4036,"stationname":"Kankad","totaldistance":19.5,"totaltime":"47"},{"stationid":4225,"stationname":"M R-10 Toll Plaza","totaldistance":20.7,"totaltime":"50"},{"stationid":3953,"stationname":"Sukhliya","totaldistance":23.8,"totaltime":"60"},{"stationid":3880,"stationname":"Bapat","totaldistance":24.1,"totaltime":"62"},{"stationid":4085,"stationname":"Meghdoot","totaldistance":24.9,"totaltime":"64"},{"stationid":3972,"stationname":"Sayaji","totaldistance":25.4,"totaltime":"67"},{"stationid":4150,"stationname":"Vijay Nagar City Bus","totaldistance":26.1,"totaltime":"69"},{"stationid":3973,"stationname":"Satya Sai City Bus","totaldistance":26.8,"totaltime":"72"},{"stationid":3984,"stationname":"Bombay Hospital","totaldistance":27.4,"totaltime":"74"},{"stationid":4073,"stationname":"Mahalakshmi Nagar","totaldistance":27.7,"totaltime":"75"},{"stationid":3886,"stationname":"Tulsi Nagar","totaldistance":28.9,"totaltime":"78"},{"stationid":3867,"stationname":"B.C.M. Paradise","totaldistance":29.1,"totaltime":"79"},{"stationid":4195,"stationname":"Apollo DB City","totaldistance":29.5,"totaltime":"80"}]