[{"stationid":4235,"stationname":"Mhow Naka City Bus","totaldistance":0,"totaltime":"0"},{"stationid":3833,"stationname":"Lal Baug_1","totaldistance":0.4,"totaltime":"2"},{"stationid":3816,"stationname":"G.D.C College","totaldistance":0.7,"totaltime":"3"},{"stationid":3818,"stationname":"Collectorate","totaldistance":1.2,"totaltime":"5"},{"stationid":4015,"stationname":"Shri Pandharinath Mandir_2","totaldistance":1.9,"totaltime":"8"},{"stationid":4013,"stationname":"Gurudwara","totaldistance":2.4,"totaltime":"10"},{"stationid":3945,"stationname":"Rajwada","totaldistance":2.7,"totaltime":"13"},{"stationid":4054,"stationname":"Shree Krishna Talkies/ Krishnapura Pul_1","totaldistance":2.9,"totaltime":"17"},{"stationid":4137,"stationname":"Ranipura/ Kothari Market_1","totaldistance":3.7,"totaltime":"20"},{"stationid":3925,"stationname":"Gandhi Hall/Palika Plaza_1","totaldistance":3.9,"totaltime":"21"},{"stationid":3950,"stationname":"Railway Station","totaldistance":4.4,"totaltime":"23"},{"stationid":4247,"stationname":"Sarwate Bus Stand","totaldistance":5.4,"totaltime":"28"},{"stationid":4071,"stationname":"Madhu Milan","totaldistance":5.9,"totaltime":"30"},{"stationid":4000,"stationname":"Dawa Bazar","totaldistance":6.5,"totaltime":"32"},{"stationid":4158,"stationname":"M.Y. Std / MY Chauraha/White Church/Dental Clg","totaldistance":6.7,"totaltime":"33"},{"stationid":3965,"stationname":"Shivaji Vatika City Bus","totaldistance":7.2,"totaltime":"35"},{"stationid":4471,"stationname":"Residency Area","totaldistance":8.3,"totaltime":"38"},{"stationid":3865,"stationname":"Azad Nagar","totaldistance":9,"totaltime":"40"},{"stationid":4098,"stationname":"Navlakha Chouraha","totaldistance":9.7,"totaltime":"42"}]