[{"stationid":4326,"stationname":"Indorama Pithampur Sector III","totaldistance":0,"totaltime":"0"},{"stationid":4475,"stationname":"Sagour Kuti","totaldistance":3.5,"totaltime":"10"},{"stationid":4474,"stationname":"Eicher Chouraha","totaldistance":11.5,"totaltime":"25"},{"stationid":4390,"stationname":"IIM Indore","totaldistance":23.5,"totaltime":"46"},{"stationid":4435,"stationname":"Rau Rangwasa Chauraha","totaldistance":25.7,"totaltime":"50"},{"stationid":4327,"stationname":"CAT","totaldistance":29.3,"totaltime":"59"},{"stationid":3774,"stationname":"Rajendra Nagar","totaldistance":31.5,"totaltime":"65"},{"stationid":3770,"stationname":"Bijalpur","totaldistance":33.1,"totaltime":"70"},{"stationid":39,"stationname":"Rajiv Gandhi Circle","totaldistance":35.3,"totaltime":"73"},{"stationid":3980,"stationname":"Tantya Bheel Chouraha (Bhawarkua)","totaldistance":36.8,"totaltime":"76"},{"stationid":4096,"stationname":"Navlakha Bus Stop City Bus","totaldistance":38.1,"totaltime":"79"},{"stationid":4068,"stationname":"M.Y. Hospital Gate","totaldistance":40,"totaltime":"86"},{"stationid":3950,"stationname":"Railway Station","totaldistance":41.5,"totaltime":"90"}]